# --------------------------------------------------------
# Host:                         cp02479
# Database:                     scv
# Server version:               5.5.8
# Server OS:                    Win32
# HeidiSQL version:             5.0.0.3272
# Date/time:                    2014-02-02 01:47:18
# --------------------------------------------------------

/*!40101 SET @OLD_CHARACTER_SET_CLIENT=@@CHARACTER_SET_CLIENT */;
/*!40101 SET NAMES utf8 */;
/*!40014 SET @OLD_FOREIGN_KEY_CHECKS=@@FOREIGN_KEY_CHECKS, FOREIGN_KEY_CHECKS=0 */;
/*!40101 SET @OLD_SQL_MODE=@@SQL_MODE, SQL_MODE='NO_AUTO_VALUE_ON_ZERO' */;
# Dumping database structure for scv
CREATE DATABASE IF NOT EXISTS `scv` /*!40100 DEFAULT CHARACTER SET latin1 */;
USE `scv`;


# Dumping structure for table scv.andamento
CREATE TABLE IF NOT EXISTS `andamento` (
  `linha` int(2) unsigned NOT NULL,
  `data` date NOT NULL,
  `prefixo` int(4) unsigned NOT NULL,
  `id` varchar(3) NOT NULL,
  `maquinista` varchar(9) DEFAULT NULL,
  `sequencia` int(11) unsigned NOT NULL,
  `destino_diferente` varchar(3) NOT NULL DEFAULT 'NÃO',
  PRIMARY KEY (`id`)
) ENGINE=InnoDB DEFAULT CHARSET=latin1;

# Dumping data for table scv.andamento: 21 rows
/*!40000 ALTER TABLE `andamento` DISABLE KEYS */;
INSERT INTO `andamento` (`linha`, `data`, `prefixo`, `id`, `maquinista`, `sequencia`, `destino_diferente`) VALUES (1, '2014-02-01', 289, 'G03', '', 271, 'SIM'), (1, '2014-02-01', 285, 'G07', '', 267, 'SIM'), (1, '2014-02-01', 277, 'J17', '', 261, 'NÃO'), (1, '2014-02-01', 281, 'J18', '', 265, 'NÃO'), (3, '2014-02-01', 792, 'L03', '', 566, 'NÃO'), (3, '2014-02-01', 794, 'L12', '', 568, 'NÃO'), (3, '2014-02-01', 798, 'L17', '', 572, 'NÃO'), (3, '2014-02-01', 796, 'L38', '', 570, 'NÃO'), (1, '2014-02-01', 287, 'Q24', '', 269, 'SIM');
/*!40000 ALTER TABLE `andamento` ENABLE KEYS */;


# Dumping structure for table scv.historico
CREATE TABLE IF NOT EXISTS `historico` (
  `codigo` int(11) unsigned NOT NULL AUTO_INCREMENT,
  `linha` int(2) unsigned NOT NULL,
  `data` date NOT NULL,
  `prefixo` int(4) unsigned NOT NULL,
  `trem` varchar(3) NOT NULL,
  `maquinista` varchar(9) DEFAULT NULL,
  `sequencia` int(11) unsigned NOT NULL,
  `final_viagem` varchar(255) DEFAULT NULL,
  `mensagem` varchar(255) DEFAULT NULL,
  PRIMARY KEY (`codigo`)
) ENGINE=InnoDB AUTO_INCREMENT=1555 DEFAULT CHARSET=latin1;

# Dumping data for table scv.historico: 1.711 rows
/*!40000 ALTER TABLE `historico` DISABLE KEYS */;
INSERT INTO `historico` (`codigo`, `linha`, `data`, `prefixo`, `trem`, `maquinista`, `sequencia`, `final_viagem`, `mensagem`) VALUES (1, 1, '2014-01-30', 71, 'J22', '', 3, '001', ''), (2, 2, '2014-01-30', 1, 'J22', '', 3, '700', ''), (3, 2, '2014-01-30', 700, 'J22', '', 2, 'Excluído', 'Excluído'), (4, 1, '2014-01-30', 71, 'J22', '', 5, '096', ''), (5, 1, '2014-01-30', 75, 'J10', '', 7, '098', ''), (6, 3, '2014-01-30', 603, 'L18', '', 3, '614', ''), (7, 1, '2014-01-30', 82, 'J20', '', 2, '095', ''), (8, 1, '2014-01-30', 84, 'J18', '', 4, '097', ''), (9, 1, '2014-01-30', 79, 'J17', '', 9, 'JUN', ''), (10, 3, '2014-01-30', 605, 'L13', '', 5, '616', ''), (11, 1, '2014-01-30', 81, 'G08', '', 11, '100', ''), (12, 3, '2014-01-30', 598, 'L22', '', 2, '617', ''), (13, 3, '2014-01-30', 600, 'L11', '', 4, '619', ''), (14, 1, '2014-01-30', 86, 'J16', '', 6, '099', ''), (15, 1, '2014-01-30', 102, 'J12', '', 22, 'ABR', ''), (16, 1, '2014-01-30', 87, 'Q33', '', 17, 'CAI', ''), (17, 1, '2014-01-30', 88, 'M10', '', 8, '101', ''), (18, 3, '2014-01-30', 602, 'L15', '', 6, '621', ''), (19, 3, '2014-01-30', 604, 'L29', '', 8, '623', ''), (20, 3, '2014-01-30', 607, 'L17', '', 7, '620', ''), (21, 1, '2014-01-30', 90, 'G09', '', 10, '103', ''), (22, 1, '2014-01-30', 83, 'G02', '', 13, '106', ''), (23, 1, '2014-01-30', 92, 'J15', '', 12, '107', ''), (24, 3, '2014-01-30', 609, 'L25', '', 9, '622', ''), (25, 3, '2014-01-30', 611, 'L03', '', 11, '624', ''), (26, 1, '2014-01-30', 85, 'Q24', '', 15, '108', ''), (27, 3, '2014-01-30', 606, 'L12', '', 10, '625', ''), (28, 3, '2014-01-30', 608, 'L38', '', 12, '627', ''), (29, 1, '2014-01-30', 94, 'M06', '', 14, '109', ''), (30, 1, '2014-01-30', 96, 'J22', '', 16, '111', ''), (31, 3, '2014-01-30', 613, 'L05', '', 13, '626', ''), (32, 3, '2014-01-30', 615, 'L23', '', 15, '628', ''), (33, 1, '2014-01-30', 93, 'G07', '', 21, 'JUN', ''), (34, 3, '2014-01-30', 610, 'L26', '', 14, '629', ''), (35, 3, '2014-01-30', 612, 'L34', '', 16, '631', ''), (36, 1, '2014-01-30', 89, 'G04', '', 19, '110', ''), (37, 1, '2014-01-30', 95, 'J20', '', 23, '112', ''), (38, 1, '2014-01-30', 98, 'J10', '', 18, '113', ''), (39, 3, '2014-01-30', 617, 'L22', '', 17, '630', ''), (40, 3, '2014-01-30', 619, 'L11', '', 19, '632', ''), (41, 3, '2014-01-30', 614, 'L18', '', 18, '633', ''), (42, 1, '2014-01-30', 114, 'J17', '', 34, 'FDR', ''), (43, 1, '2014-01-30', 100, 'G08', '', 20, '115', ''), (44, 3, '2014-01-30', 616, 'L13', '', 20, '635', ''), (45, 1, '2014-01-30', 102, 'Q33', '', 22, '117', ''), (46, 3, '2014-01-30', 621, 'L15', '', 21, '634', ''), (47, 3, '2014-01-30', 623, 'L29', '', 23, '636', ''), (48, 3, '2014-01-30', 618, 'L20', '', 22, '637', ''), (49, 1, '2014-01-30', 97, 'J18', '', 25, '120', ''), (50, 1, '2014-01-30', 99, 'J16', '', 27, '122', ''), (51, 1, '2014-01-30', 104, 'J12', '', 24, '119', ''), (52, 3, '2014-01-30', 625, 'L12', '', 25, '638', ''), (53, 3, '2014-01-30', 620, 'L17', '', 24, '639', ''), (54, 1, '2014-01-30', 106, 'G02', '', 26, '121', ''), (55, 1, '2014-01-30', 101, 'M10', '', 29, '124', ''), (56, 1, '2014-01-30', 108, 'Q24', '', 28, '123', ''), (57, 1, '2014-01-30', 103, 'G09', '', 31, '126', ''), (58, 3, '2014-01-30', 627, 'L38', '', 27, '640', ''), (59, 3, '2014-01-30', 622, 'L25', '', 26, '643', ''), (60, 3, '2014-01-30', 643, 'L25', '', 41, 'MAU', ''), (61, 3, '2014-01-30', 624, 'L03', '', 28, '643', ''), (62, 3, '2014-01-30', 629, 'L26', '', 29, '642', ''), (63, 1, '2014-01-30', 107, 'J15', '', 33, 'JUN', ''), (64, 3, '2014-01-30', 631, 'L34', '', 31, '644', ''), (65, 3, '2014-01-30', 633, 'L18', '', 33, '646', ''), (66, 3, '2014-01-30', 626, 'L05', '', 30, '645', ''), (67, 3, '2014-01-30', 628, 'L23', '', 32, '647', ''), (68, 1, '2014-01-30', 103, 'G09', '', 31, '130', ''), (69, 1, '2014-01-30', 110, 'G04', '', 30, '125', ''), (70, 1, '2014-01-30', 112, 'J20', '', 32, '127', ''), (71, 1, '2014-01-30', 109, 'M06', '', 35, '132', ''), (72, 1, '2014-01-30', 111, 'J22', '', 37, 'FMO', ''), (73, 1, '2014-01-30', 113, 'J10', '', 39, '134', ''), (74, 3, '2014-01-30', 635, 'L13', '', 35, '648', ''), (75, 1, '2014-01-30', 118, 'J17', '', 34, '131', ''), (76, 3, '2014-01-30', 630, 'L22', '', 34, '649', ''), (77, 3, '2014-01-30', 632, 'L11', '', 36, '651', ''), (78, 1, '2014-01-30', 130, 'G09', '', 46, 'ABR', ''), (79, 1, '2014-01-30', 134, 'J10', '', 52, 'ABR', ''), (80, 1, '2014-01-30', 132, 'M06', '', 50, 'ABR', ''), (81, 1, '2014-01-30', 120, 'J18', '', 36, '133', ''), (82, 3, '2014-01-30', 634, 'L15', '', 38, '653', ''), (83, 1, '2014-01-30', 122, 'J16', '', 38, '137', ''), (84, 3, '2014-01-30', 637, 'L20', '', 37, '650', ''), (85, 3, '2014-01-30', 639, 'L17', '', 39, '652', ''), (86, 1, '2014-01-30', 134, 'J22', '', 52, 'ABR', ''), (87, 1, '2014-01-30', 134, 'J22', '', 52, 'ABR', ''), (88, 1, '2014-01-30', 115, 'G08', '', 41, '140', ''), (89, 3, '2014-01-30', 636, 'L29', '', 40, '655', ''), (90, 3, '2014-01-30', 643, 'L03', '', 41, '654', ''), (91, 3, '2014-01-30', 638, 'L12', '', 42, '657', ''), (92, 1, '2014-01-30', 117, 'Q33', '', 43, '142', ''), (93, 1, '2014-01-30', 121, 'G02', '', 47, 'JUN', ''), (94, 3, '2014-01-30', 645, 'L05', '', 43, '656', ''), (95, 3, '2014-01-30', 640, 'L38', '', 44, '659', ''), (96, 1, '2014-01-30', 119, 'J12', '', 45, '144', ''), (97, 1, '2014-01-30', 124, 'M10', '', 40, '139', ''), (98, 1, '2014-01-30', 123, 'Q24', '', 49, '148', ''), (99, 3, '2014-01-30', 642, 'L26', '', 46, '661', ''), (100, 3, '2014-01-30', 644, 'L34', '', 48, '663', ''), (101, 1, '2014-01-30', 126, 'G09', '', 42, '141', ''), (102, 1, '2014-01-30', 128, 'G07', '', 46, '143', ''), (103, 1, '2014-01-30', 125, 'G04', '', 51, '150', ''), (104, 1, '2014-01-30', 130, 'M06', '', 48, '145', ''), (105, 3, '2014-01-30', 646, 'L18', '', 50, '665', ''), (106, 1, '2014-01-30', 132, 'J10', '', 50, '149', ''), (107, 3, '2014-01-30', 647, 'L23', '', 45, '658', ''), (108, 3, '2014-01-30', 649, 'L22', '', 47, '660', ''), (109, 3, '2014-01-30', 653, 'L15', '', 51, '662', ''), (110, 1, '2014-01-30', 129, 'J20', '', 53, '152', ''), (111, 1, '2014-01-30', 131, 'J17', '', 55, '154', ''), (112, 3, '2014-01-30', 648, 'L13', '', 52, '667', ''), (113, 3, '2014-01-30', 650, 'L20', '', 54, '669', ''), (114, 3, '2014-01-30', 655, 'L29', '', 53, '664', ''), (115, 3, '2014-01-30', 652, 'L17', '', 56, '671', ''), (116, 3, '2014-01-30', 651, 'L11', '', 49, '666', ''), (117, 1, '2014-01-30', 138, 'J22', '', 52, '151', ''), (118, 1, '2014-01-30', 140, 'G08', '', 54, '153', ''), (119, 3, '2014-01-30', 654, 'L03', '', 58, '673', ''), (120, 3, '2014-01-30', 659, 'L38', '', 57, '672', ''), (121, 1, '2014-01-30', 142, 'Q33', '', 56, '155', ''), (122, 3, '2014-01-30', 657, 'L12', '', 55, 'MOC', 'AGUARDAR NO SINAL 98-BAS '), (123, 3, '2014-01-30', 656, 'L05', '', 60, '675', ''), (124, 3, '2014-01-30', 661, 'L26', '', 59, '674', ''), (125, 3, '2014-01-30', 658, 'L23', '', 62, '677', ''), (126, 1, '2014-01-30', 144, 'J12', '', 58, '159', ''), (127, 1, '2014-01-30', 146, 'J15', '', 60, '161', ''), (128, 1, '2014-01-30', 137, 'J16', '', 59, '156', ''), (129, 1, '2014-01-30', 139, 'M10', '', 61, '158', ''), (130, 1, '2014-01-30', 141, 'G09', '', 63, '162', ''), (131, 3, '2014-01-30', 662, 'L15', '', 66, '679', ''), (132, 3, '2014-01-30', 660, 'L22', '', 64, '681', ''), (133, 1, '2014-01-30', 148, 'Q24', '', 62, '163', ''), (134, 1, '2014-01-30', 143, 'G07', '', 65, 'FMO', ''), (135, 1, '2014-01-30', 145, 'M06', '', 67, '166', ''), (136, 1, '2014-01-30', 151, 'J22', '', 71, '168', ''), (137, 1, '2014-01-30', 135, 'J18', '', 57, '170', ''), (138, 3, '2014-01-30', 664, 'L29', '', 68, '683', ''), (139, 1, '2014-01-30', 150, 'G04', '', 64, '165', ''), (140, 1, '2014-01-30', 152, 'J20', '', 66, '167', ''), (141, 3, '2014-01-30', 670, 'L11', '', 70, '689', ''), (142, 3, '2014-01-30', 663, 'L34', '', 61, '676', ''), (143, 3, '2014-01-30', 665, 'L18', '', 63, '678', ''), (144, 3, '2014-01-30', 667, 'L13', '', 65, '680', ''), (145, 3, '2014-01-30', 669, 'L20', '', 67, '682', ''), (146, 3, '2014-01-30', 671, 'L17', '', 69, '684', ''), (147, 3, '2014-01-30', 673, 'L03', '', 71, '686', ''), (148, 3, '2014-01-30', 672, 'L38', '', 72, '691', ''), (149, 1, '2014-01-30', 154, 'J17', '', 68, '169', ''), (150, 1, '2014-01-30', 156, 'J16', '', 70, '173', ''), (151, 1, '2014-01-30', 153, 'G08', '', 73, '174', ''), (152, 3, '2014-01-30', 675, 'L05', '', 73, '690', ''), (153, 3, '2014-01-30', 674, 'L26', '', 74, '693', ''), (154, 1, '2014-01-30', 157, 'Q33', '', 75, '176', ''), (155, 1, '2014-01-30', 158, 'M10', '', 72, 'LUZ', 'CORRETIVA LUZ (Inversor) '), (156, 1, '2014-01-30', 159, 'J12', '', 77, '178', ''), (157, 1, '2014-01-30', 160, 'J11', '', 74, '175', ''), (158, 3, '2014-01-30', 676, 'L34', '', 76, '695', ''), (159, 3, '2014-01-30', 677, 'L23', '', 75, '692', ''), (160, 3, '2014-01-30', 679, 'L15', '', 77, '694', ''), (161, 3, '2014-01-30', 678, 'L18', '', 78, '697', ''), (162, 3, '2014-01-30', 680, 'L13', '', 80, '699', ''), (163, 3, '2014-01-30', 681, 'L22', '', 79, 'LUZ', 'CORRETIVA LUZ (Tração) '), (164, 1, '2014-01-30', 161, 'J15', '', 79, '180', ''), (165, 1, '2014-01-30', 149, 'J10', '', 69, '182', ''), (166, 3, '2014-01-30', 682, 'L20', '', 82, '701', ''), (167, 1, '2014-01-30', 163, 'Q24', '', 81, '186', ''), (168, 1, '2014-01-30', 165, 'G04', '', 83, '188', ''), (169, 3, '2014-01-30', 683, 'L29', '', 81, '698', ''), (170, 3, '2014-01-30', 684, 'L17', '', 84, '703', ''), (171, 1, '2014-01-30', 162, 'G09', '', 76, '177', ''), (172, 1, '2014-01-30', 164, 'G02', '', 78, '179', ''), (173, 1, '2014-01-30', 166, 'M06', '', 80, '181', ''), (174, 1, '2014-01-30', 168, 'J22', '', 82, '183', ''), (175, 1, '2014-01-30', 170, 'J18', '', 84, '185', ''), (176, 3, '2014-01-30', 689, 'L11', '', 83, '700', ''), (177, 1, '2014-01-30', 172, 'G07', '', 86, '187', ''), (178, 3, '2014-01-30', 686, 'L03', '', 86, '705', ''), (179, 3, '2014-01-30', 700, 'L11', '', 100, 'Excluído', 'Excluído'), (180, 3, '2014-01-30', 688, 'L12', '', 88, '707', ''), (181, 3, '2014-01-30', 691, 'L38', '', 85, '704', ''), (182, 3, '2014-01-30', 690, 'L05', '', 90, '709', ''), (183, 3, '2014-01-30', 693, 'L26', '', 87, '700', ''), (184, 1, '2014-01-30', 174, 'G08', '', 88, '195', ''), (185, 3, '2014-01-30', 695, 'L34', '', 89, '708', ''), (186, 1, '2014-01-30', 167, 'J20', '', 85, '194', ''), (187, 1, '2014-01-30', 169, 'J17', '', 87, '198', ''), (188, 3, '2014-01-30', 692, 'L23', '', 92, '711', ''), (189, 3, '2014-01-30', 697, 'L18', '', 91, '712', ''), (190, 1, '2014-01-30', 176, 'Q33', '', 90, '197', ''), (191, 1, '2014-01-30', 178, 'J12', '', 92, '199', ''), (192, 3, '2014-01-30', 694, 'L15', '', 94, '701', ''), (193, 3, '2014-01-30', 699, 'L13', '', 93, '714', ''), (194, 1, '2014-01-30', 173, 'J16', '', 89, '200', ''), (195, 1, '2014-01-30', 175, 'J11', '', 91, '202', ''), (196, 1, '2014-01-30', 177, 'G09', '', 93, '204', ''), (197, 1, '2014-01-30', 180, 'J15', '', 94, '201', ''), (198, 1, '2014-01-30', 186, 'Q24', '', 98, '203', ''), (199, 3, '2014-01-30', 711, 'L23', '', 105, 'MAU', ''), (200, 3, '2014-01-30', 706, 'L26', '', 104, '711', ''), (201, 1, '2014-01-30', 182, 'J10', '', 96, '205', ''), (202, 1, '2014-01-30', 190, 'G04', '', 100, '207', ''), (203, 1, '2014-01-30', 179, 'G02', '', 95, '206', ''), (204, 1, '2014-01-30', 181, 'M06', '', 97, '210', ''), (205, 1, '2014-01-30', 183, 'J22', '', 99, '212', ''), (206, 1, '2014-01-30', 189, 'J18', '', 101, '214', ''), (207, 1, '2014-01-30', 192, 'J19', '', 102, '209', ''), (208, 3, '2014-01-30', 696, 'L04', '', 96, '717', ''), (209, 3, '2014-01-30', 698, 'L11', '', 98, '721', ''), (210, 3, '2014-01-30', 701, 'L20', '', 95, '716', ''), (211, 3, '2014-01-30', 703, 'L17', '', 97, '720', ''), (212, 3, '2014-01-30', 705, 'L03', '', 99, '724', ''), (213, 3, '2014-01-30', 707, 'L12', '', 101, '726', ''), (214, 3, '2014-01-30', 710, 'L01', '', 108, '715', ''), (215, 1, '2014-01-30', 193, 'G07', '', 103, '216', ''), (216, 3, '2014-01-30', 714, 'L13', '', 112, '719', ''), (217, 3, '2014-01-30', 709, 'L05', '', 103, '728', ''), (218, 1, '2014-01-30', 194, 'J20', '', 104, '211', ''), (219, 1, '2014-01-30', 198, 'J17', '', 106, '213', ''), (220, 1, '2014-01-30', 200, 'J16', '', 108, '215', ''), (221, 1, '2014-01-30', 195, 'G08', '', 105, '218', ''), (222, 1, '2014-01-30', 197, 'Q33', '', 107, '220', ''), (223, 3, '2014-01-30', 711, 'L26', '', 105, '732', ''), (224, 3, '2014-01-30', 700, 'L29', '', 100, '723', ''), (225, 3, '2014-01-30', 720, 'L17', '', 116, '719', ''), (226, 3, '2014-01-30', 719, 'L17', '', 113, 'MAU', ''), (227, 1, '2014-01-30', 202, 'J11', '', 110, '217', ''), (228, 1, '2014-01-30', 204, 'G09', '', 112, '219', ''), (229, 3, '2014-01-30', 704, 'L38', '', 102, '727', ''), (230, 3, '2014-01-30', 708, 'L34', '', 106, '731', ''), (231, 3, '2014-01-30', 719, 'L13', '', 107, '740', ''), (232, 1, '2014-01-30', 199, 'J12', '', 109, '224', ''), (233, 1, '2014-01-30', 201, 'J15', '', 111, '226', 'Rev.LPA às 21:00 '), (234, 1, '2014-01-30', 203, 'Q24', '', 113, '228', ''), (235, 1, '2014-01-30', 205, 'J10', '', 115, '230', ''), (236, 1, '2014-01-30', 207, 'G04', '', 117, '232', ''), (237, 1, '2014-01-30', 208, 'G02', '', 114, '221', ''), (238, 1, '2014-01-30', 210, 'M06', '', 116, '223', ''), (239, 3, '2014-01-30', 712, 'L18', '', 110, '735', ''), (240, 3, '2014-01-30', 716, 'L20', '', 114, '739', ''), (241, 3, '2014-01-30', 726, 'L12', '', 120, 'ABR', ''), (242, 1, '2014-01-30', 212, 'J22', '', 118, '225', ''), (243, 3, '2014-01-30', 715, 'L01', '', 117, '744', ''), (244, 1, '2014-01-30', 209, 'J19', '', 119, '234', ''), (245, 1, '2014-01-30', 211, 'J20', '', 121, '236', ''), (246, 1, '2014-01-30', 214, 'J18', '', 120, '227', ''), (247, 1, '2014-01-30', 216, 'G07', '', 122, 'LPA', 'Corretiva. Sem farol lado Luz '), (248, 3, '2014-01-30', 724, 'L03', '', 118, '747', ''), (249, 3, '2014-01-30', 713, 'L15', '', 111, '754', ''), (250, 3, '2014-01-30', 721, 'L11', '', 121, '750', ''), (251, 3, '2014-01-30', 730, 'L25', '', 124, '1', ''), (252, 3, '2014-01-30', 728, 'L05', '', 122, '751', ''), (253, 1, '2014-01-30', 218, 'G08', '', 124, '231', ''), (254, 1, '2014-01-30', 222, 'Q33', '', 126, '233', ''), (255, 3, '2014-01-30', 725, 'L17', '', 113, '756', ''), (256, 3, '2014-01-30', 731, 'L34', '', 127, 'SCT', ''), (257, 1, '2014-01-30', 213, 'J17', '', 123, '238', ''), (258, 1, '2014-01-30', 215, 'J16', '', 125, '240', ''), (259, 1, '2014-01-30', 217, 'J11', '', 127, '244', ''), (260, 3, '2014-01-30', 742, 'L12', '', 130, '749', ''), (261, 3, '2014-01-30', 717, 'L04', '', 119, '762', ''), (262, 1, '2014-01-30', 224, 'J12', '', 128, '235', ''), (263, 1, '2014-01-30', 226, 'J15', '', 130, 'LPA', 'Rev.LPA às 21:00  '), (264, 1, '2014-01-30', 228, 'Q24', '', 132, '237', ''), (265, 3, '2014-01-30', 723, 'L29', '', 123, '764', ''), (266, 3, '2014-01-30', 727, 'L38', '', 125, '766', ''), (267, 3, '2014-01-30', 736, 'L26', '', 126, '757', ''), (268, 3, '2014-01-30', 740, 'L13', '', 128, '761', ''), (269, 1, '2014-01-30', 230, 'J10', '', 134, '241', ''), (270, 1, '2014-01-30', 232, 'G04', '', 136, '243', ''), (271, 3, '2014-01-30', 731, 'L25', '', 129, '772', ''), (272, 1, '2014-01-30', 219, 'G09', '', 129, '246', ''), (273, 1, '2014-01-30', 221, 'G02', '', 131, '248', ''), (274, 1, '2014-01-30', 223, 'M06', '', 133, '250', ''), (275, 1, '2014-01-30', 234, 'J19', '', 138, '245', ''), (276, 3, '2014-01-30', 744, 'L01', '', 132, '765', ''), (277, 3, '2014-01-30', 735, 'L18', '', 131, '774', ''), (278, 3, '2014-01-30', 739, 'L20', '', 133, '776', ''), (279, 1, '2014-01-30', 236, 'J20', '', 140, '247', ''), (280, 3, '2014-01-30', 747, 'L03', '', 135, '778', ''), (281, 3, '2014-01-30', 760, 'L17', '', 140, '763', ''), (282, 3, '2014-01-30', 746, 'L22', '', 134, '769', ''), (283, 1, '2014-01-30', 238, 'J17', '', 142, '249', ''), (284, 1, '2014-01-30', 225, 'J22', '', 135, '252', ''), (285, 1, '2014-01-30', 227, 'J18', '', 137, '254', ''), (286, 3, '2014-01-30', 750, 'L11', '', 136, '773', ''), (287, 3, '2014-01-30', 749, 'L12', '', 137, '780', ''), (288, 3, '2014-01-30', 764, 'L29', '', 144, '767', 'REV. LUZ 21H00 '), (289, 1, '2014-01-30', 229, 'G10', '', 139, 'FMO', ''), (290, 1, '2014-01-30', 240, 'J16', '', 144, '255', ''), (291, 3, '2014-01-30', 754, 'L15', '', 138, '777', ''), (292, 1, '2014-01-30', 231, 'G08', '', 141, '256', ''), (293, 3, '2014-01-30', 762, 'L04', '', 142, '781', ''), (294, 1, '2014-01-30', 233, 'Q33', '', 143, '000', 'Lavador BFU '), (295, 3, '2014-01-30', 751, 'L05', '', 139, '784', ''), (296, 1, '2014-01-30', 244, 'J11', '', 146, '257', ''), (297, 3, '2014-01-30', 766, 'L38', '', 146, '783', ''), (298, 3, '2014-01-30', 772, 'L25', '', 148, 'SCT', ''), (299, 3, '2014-01-30', 757, 'L26', '', 141, '786', ''), (300, 3, '2014-01-30', 761, 'L13', '', 143, '788', ''), (301, 1, '2014-01-30', 246, 'G09', '', 148, '259', ''), (302, 1, '2014-01-30', 248, 'G02', '', 150, '261', ''), (303, 1, '2014-01-30', 235, 'J12', '', 145, '258', ''), (304, 1, '2014-01-30', 237, 'Q24', '', 147, 'FMO', ''), (305, 1, '2014-01-30', 239, 'M10', '', 149, '260', ''), (306, 3, '2014-01-30', 774, 'L18', '', 150, '787', ''), (307, 1, '2014-01-30', 250, 'M06', '', 152, '263', ''), (308, 1, '2014-01-30', 241, 'J10', '', 151, 'FMO', ''), (309, 1, '2014-01-30', 243, 'G04', '', 153, '262', ''), (310, 3, '2014-01-30', 778, 'L03', '', 154, 'SCT', ''), (311, 3, '2014-01-30', 763, 'L17', '', 145, '790', ''), (312, 3, '2014-01-30', 765, 'L01', '', 147, '792', ''), (313, 3, '2014-01-30', 767, 'L29', '', 149, 'LUZ', 'REV. LUZ 21H00  '), (314, 3, '2014-01-30', 776, 'L20', '', 152, '789', ''), (315, 1, '2014-01-30', 245, 'J19', '', 155, 'FMO', ''), (316, 3, '2014-01-30', 769, 'L22', '', 151, '794', ''), (317, 1, '2014-01-30', 254, 'J18', '', 156, 'LUZ', 'Revisão LUZ 22:00 '), (318, 1, '2014-01-30', 252, 'J22', '', 154, '265', ''), (319, 1, '2014-01-30', 0, 'G03', '', 158, '267', ''), (320, 1, '2014-01-30', 0, 'Q33', '', 162, 'BFU', 'Lavador BFU  '), (321, 3, '2014-01-30', 780, 'L12', '', 156, '791', ''), (322, 3, '2014-01-30', 784, 'L05', '', 158, '793', ''), (323, 1, '2014-01-30', 247, 'J20', '', 157, '264', ''), (324, 1, '2014-01-30', 255, 'J16', '', 161, '266', ''), (325, 3, '2014-01-30', 786, 'L26', '', 160, '795', ''), (326, 3, '2014-01-30', 773, 'L11', '', 153, '796', ''), (327, 1, '2014-01-30', 257, 'J11', '', 163, '268', ''), (328, 1, '2014-01-30', 253, 'J17', '', 159, 'FMO', ''), (329, 3, '2014-01-30', 777, 'L15', '', 155, '798', ''), (330, 3, '2014-01-30', 781, 'L04', '', 157, '800', ''), (331, 1, '2014-01-30', 259, 'G09', '', 165, '270', ''), (332, 1, '2014-01-30', 261, 'G02', '', 167, 'LPA', 'Corretiva LPA '), (333, 3, '2014-01-30', 788, 'L13', '', 162, '797', ''), (334, 1, '2014-01-30', 256, 'G08', '', 160, '269', ''), (335, 1, '2014-01-30', 258, 'J12', '', 164, '271', ''), (336, 1, '2014-01-30', 260, 'M10', '', 166, '273', ''), (337, 1, '2014-01-30', 263, 'M06', '', 169, '272', ''), (338, 3, '2014-01-30', 790, 'L17', '', 164, '799', ''), (339, 3, '2014-01-30', 792, 'L01', '', 166, '801', ''), (340, 3, '2014-01-30', 783, 'L38', '', 159, '802', ''), (341, 3, '2014-01-30', 787, 'L18', '', 161, '804', ''), (342, 3, '2014-01-30', 789, 'L20', '', 163, '806', ''), (343, 1, '2014-01-30', 262, 'G04', '', 168, '275', ''), (344, 1, '2014-01-30', 264, 'J20', '', 170, '277', ''), (345, 1, '2014-01-30', 265, 'J22', '', 171, '274', ''), (346, 3, '2014-01-30', 791, 'L12', '', 165, '808', ''), (347, 3, '2014-01-30', 794, 'L22', '', 168, '803', ''), (348, 3, '2014-01-30', 796, 'L11', '', 170, '805', ''), (349, 1, '2014-01-30', 267, 'G03', '', 173, '276', ''), (350, 1, '2014-01-30', 266, 'J16', '', 172, '279', ''), (351, 1, '2014-01-30', 268, 'J11', '', 174, '281', ''), (352, 1, '2014-01-30', 269, 'G08', '', 175, '278', ''), (353, 1, '2014-01-30', 270, 'G09', '', 176, '283', ''), (354, 1, '2014-01-30', 271, 'J12', '', 177, '280', ''), (355, 1, '2014-01-30', 273, 'M10', '', 179, '282', ''), (356, 3, '2014-01-30', 793, 'L05', '', 167, '810', ''), (357, 3, '2014-01-30', 795, 'L26', '', 169, '812', ''), (358, 3, '2014-01-30', 797, 'L13', '', 171, '814', ''), (359, 3, '2014-01-30', 799, 'L17', '', 173, '816', ''), (360, 3, '2014-01-30', 798, 'L15', '', 172, '807', ''), (361, 3, '2014-01-30', 800, 'L04', '', 174, '809', ''), (362, 3, '2014-01-30', 802, 'L38', '', 176, '811', ''), (363, 3, '2014-01-30', 804, 'L18', '', 178, '813', ''), (364, 1, '2014-01-30', 275, 'G04', '', 181, '284', ''), (365, 3, '2014-01-30', 798, 'L15', '', 172, '815', ''), (366, 3, '2014-01-30', 806, 'L20', '', 180, '817', ''), (367, 1, '2014-01-30', 272, 'M06', '', 178, '285', ''), (368, 1, '2014-01-30', 274, 'J22', '', 180, '287', ''), (369, 1, '2014-01-30', 277, 'J20', '', 183, '286', ''), (370, 1, '2014-01-30', 279, 'J16', '', 185, 'FMO', ''), (371, 3, '2014-01-30', 801, 'L01', '', 175, '818', ''), (372, 3, '2014-01-30', 803, 'L22', '', 177, '820', ''), (373, 3, '2014-01-30', 805, 'L11', '', 179, '822', ''), (374, 1, '2014-01-30', 276, 'G03', '', 182, '289', ''), (375, 1, '2014-01-30', 278, 'G08', '', 184, '291', ''), (376, 3, '2014-01-30', 809, 'L04', '', 183, '824', ''), (377, 3, '2014-01-30', 808, 'L12', '', 182, '821', ''), (378, 3, '2014-01-30', 810, 'L05', '', 184, '823', ''), (379, 3, '2014-01-30', 812, 'L26', '', 186, '825', ''), (380, 1, '2014-01-30', 281, 'J11', '', 187, '288', ''), (381, 1, '2014-01-30', 283, 'G09', '', 189, '290', ''), (382, 1, '2014-01-30', 280, 'J12', '', 186, '293', ''), (383, 1, '2014-01-30', 285, 'M06', '', 191, '292', ''), (384, 1, '2014-01-30', 282, 'M10', '', 188, '295', ''), (385, 3, '2014-01-30', 814, 'L13', '', 188, '827', ''), (386, 1, '2014-01-30', 287, 'J22', '', 193, '294', ''), (387, 1, '2014-01-30', 289, 'G03', '', 195, '296', ''), (388, 1, '2014-01-30', 286, 'J20', '', 192, '297', ''), (389, 1, '2014-01-30', 284, 'G04', '', 190, '299', ''), (390, 1, '2014-01-30', 291, 'G08', '', 197, 'FMO', ''), (391, 3, '2014-01-30', 811, 'L38', '', 185, '826', ''), (392, 3, '2014-01-30', 813, 'L18', '', 187, '828', ''), (393, 3, '2014-01-30', 815, 'L15', '', 189, '830', ''), (394, 3, '2014-01-30', 819, 'L20', '', 191, '832', ''), (395, 3, '2014-01-30', 821, 'L12', '', 193, '834', ''), (396, 3, '2014-01-30', 823, 'L05', '', 195, '836', ''), (397, 3, '2014-01-30', 836, 'L05', '', 210, 'LUZ', ''), (398, 1, '2014-01-30', 288, 'J11', '', 194, 'LUZ', ''), (399, 1, '2014-01-30', 292, 'M06', '', 198, 'PRT', ''), (400, 1, '2014-01-30', 290, 'G09', '', 196, 'PRT', ''), (401, 1, '2014-01-30', 295, 'M10', '', 201, 'FMO', ''), (402, 1, '2014-01-30', 293, 'J12', '', 199, 'JUN', ''), (403, 1, '2014-01-30', 297, 'J20', '', 203, 'JUN', ''), (404, 1, '2014-01-30', 299, 'G04', '', 205, 'JUN', ''), (405, 3, '2014-01-30', 825, 'L26', '', 197, 'LUZ', ''), (406, 3, '2014-01-30', 836, 'L36', '', 210, 'LUZ', ''), (407, 3, '2014-01-30', 827, 'L13', '', 199, 'LUZ', ''), (408, 3, '2014-01-30', 834, 'L12', '', 208, 'LUZ', ''), (409, 3, '2014-01-30', 828, 'L18', '', 202, 'LUZ', ''), (410, 3, '2014-01-30', 820, 'L22', '', 194, 'LUZ', ''), (411, 3, '2014-01-30', 822, 'L11', '', 196, 'LUZ', ''), (412, 3, '2014-01-30', 818, 'L01', '', 192, 'LUZ', ''), (413, 3, '2014-01-30', 824, 'L04', '', 198, 'LUZ', ''), (414, 3, '2014-01-30', 826, 'L38', '', 200, 'LUZ', ''), (415, 3, '2014-01-30', 816, 'L17', '', 190, 'LUZ', ''), (416, 3, '2014-01-30', 830, 'L15', '', 204, 'LUZ', ''), (417, 3, '2014-01-30', 832, 'L20', '', 206, 'LUZ', ''), (418, 1, '2014-01-30', 296, 'G03', '', 202, 'LUZ', ''), (419, 1, '2014-01-30', 294, 'J22', '', 200, 'LUZ', ''), (420, 1, '2014-01-30', 296, 'G03', '', 202, 'JRG', ''), (421, 1, '2014-01-31', 3, 'J11', '', 5, 'JRG', ''), (422, 1, '2014-01-31', 2, 'M06', '', 4, '005', ''), (423, 1, '2014-01-31', 14, 'G04', '', 14, 'ABR', ''), (424, 3, '2014-01-31', 501, 'L11', '', 3, '512', ''), (425, 1, '2014-01-31', 4, 'G02', '', 6, '007', ''), (426, 3, '2014-01-31', 502, 'L13', '', 2, '515', ''), (427, 3, '2014-01-31', 503, 'L04', '', 5, '516', ''), (428, 3, '2014-01-31', 504, 'L15', '', 4, '519', ''), (429, 3, '2014-01-31', 505, 'L26', '', 7, '518', ''), (430, 1, '2014-01-31', 6, 'G10', '', 8, '009', ''), (431, 1, '2014-01-31', 16, 'Q33', '', 20, 'BFU', ''), (432, 3, '2014-01-31', 506, 'L17', '', 6, '523', ''), (433, 1, '2014-01-31', 8, 'G09', '', 10, '011', ''), (434, 3, '2014-01-31', 508, 'L35', '', 8, '527', ''), (435, 3, '2014-01-31', 507, 'L05', '', 9, '522', ''), (436, 3, '2014-01-31', 509, 'L03', '', 11, '524', ''), (437, 1, '2014-01-31', 10, 'M10', '', 12, '013', ''), (438, 1, '2014-01-31', 22, 'J12', '', 30, 'BFU', ''), (439, 3, '2014-01-31', 510, 'L29', '', 10, '529', ''), (440, 1, '2014-01-31', 1, 'G03', '', 9, 'FMO', ''), (441, 3, '2014-01-31', 511, 'L25', '', 13, '526', ''), (442, 3, '2014-01-31', 513, 'L38', '', 15, '528', ''), (443, 3, '2014-01-31', 516, 'L04', '', 16, '529', ''), (444, 1, '2014-01-31', 12, 'G08', '', 16, '015', ''), (445, 1, '2014-01-31', 3, 'J11', '', 11, '032', ''), (446, 3, '2014-01-31', 515, 'L13', '', 17, '530', ''), (447, 3, '2014-01-31', 517, 'L18', '', 19, '532', ''), (448, 3, '2014-01-31', 520, 'L23', '', 20, '533', ''), (449, 3, '2014-01-31', 512, 'L11', '', 12, '535', ''), (450, 1, '2014-01-31', 14, 'G04', '', 18, '017', ''), (451, 1, '2014-01-31', 11, 'G09', '', 19, '024', ''), (452, 3, '2014-01-31', 519, 'L15', '', 21, '534', ''), (453, 3, '2014-01-31', 524, 'L03', '', 24, '537', ''), (454, 3, '2014-01-31', 514, 'L22', '', 14, '539', ''), (455, 3, '2014-01-31', 521, 'L20', '', 23, '536', ''), (456, 1, '2014-01-31', 16, 'G07', '', 22, '019', ''), (457, 1, '2014-01-31', 9, 'G10', '', 17, 'LPA', ''), (458, 3, '2014-01-31', 523, 'L17', '', 25, '538', ''), (459, 1, '2014-01-31', 814, 'J10', '', 20, '023', ''), (460, 3, '2014-01-31', 528, 'L38', '', 28, '541', ''), (461, 3, '2014-01-31', 518, 'L26', '', 18, '543', ''), (462, 3, '2014-01-31', 525, 'L12', '', 27, '540', ''), (463, 3, '2014-01-31', 527, 'L35', '', 29, '542', ''), (464, 1, '2014-01-31', 18, 'Q33', '', 24, '025', ''), (465, 3, '2014-01-31', 532, 'L18', '', 32, '545', ''), (466, 3, '2014-01-31', 522, 'L05', '', 22, '547', ''), (467, 3, '2014-01-31', 529, 'L04', '', 31, '544', ''), (468, 3, '2014-01-31', 547, 'L05', '', 49, '546', ''), (469, 3, '2014-01-31', 546, 'L05', '', 46, '545', ''), (470, 1, '2014-01-31', 5, 'M06', '', 13, '036', ''), (471, 1, '2014-01-31', 818, 'J19', '', 26, '033', ''), (472, 3, '2014-01-31', 531, 'L29', '', 33, '546', ''), (473, 3, '2014-01-31', 533, 'L23', '', 35, '548', ''), (474, 1, '2014-01-31', 7, 'G02', '', 15, 'FMO', ''), (475, 1, '2014-01-31', 22, 'J20', '', 28, '035', ''), (476, 1, '2014-01-31', 17, 'G04', '', 25, '834', ''), (477, 1, '2014-01-31', 17, 'G04', '', 25, '038', ''), (478, 1, '2014-01-31', 19, 'G07', '', 27, '040', ''), (479, 3, '2014-01-31', 536, 'L20', '', 36, '549', ''), (480, 3, '2014-01-31', 526, 'L25', '', 26, '551', ''), (481, 3, '2014-01-31', 540, 'L12', '', 40, '553', ''), (482, 1, '2014-01-31', 24, 'G09', '', 30, '037', ''), (483, 3, '2014-01-31', 535, 'L11', '', 37, '550', 'REVISÃO LUZ - 10:30 '), (484, 3, '2014-01-31', 537, 'L03', '', 39, '552', ''), (485, 3, '2014-01-31', 530, 'L13', '', 30, '553', ''), (486, 1, '2014-01-31', 13, 'M10', '', 21, 'FMO', ''), (487, 1, '2014-01-31', 822, 'J17', '', 32, '039', 'Revisão LPA 08:30 '), (488, 3, '2014-01-31', 539, 'L22', '', 41, '554', 'REVISÃO LUZ - 10:00 '), (489, 3, '2014-01-31', 541, 'L38', '', 43, '556', ''), (490, 3, '2014-01-31', 544, 'L04', '', 44, '557', ''), (491, 3, '2014-01-31', 534, 'L15', '', 34, '559', ''), (492, 1, '2014-01-31', 15, 'G08', '', 23, '046', ''), (493, 1, '2014-01-31', 28, 'J12', '', 34, '041', ''), (494, 1, '2014-01-31', 32, 'J11', '', 36, '043', ''), (495, 1, '2014-01-31', 23, 'J10', '', 31, '044', ''), (496, 1, '2014-01-31', 25, 'Q33', '', 33, '048', ''), (497, 3, '2014-01-31', 548, 'L23', '', 48, '561', ''), (498, 3, '2014-01-31', 543, 'L26', '', 45, '558', ''), (499, 3, '2014-01-31', 545, 'L05', '', 47, '560', ''), (500, 3, '2014-01-31', 538, 'L17', '', 38, '563', ''), (501, 3, '2014-01-31', 552, 'L03', '', 52, '565', ''), (502, 1, '2014-01-31', 21, 'G10', '', 29, '060', ''), (503, 3, '2014-01-31', 547, 'L18', '', 49, '562', ''), (504, 3, '2014-01-31', 549, 'L20', '', 51, '564', ''), (505, 1, '2014-01-31', 38, 'G04', '', 38, '045', ''), (506, 1, '2014-01-31', 40, 'G07', '', 40, '047', ''), (507, 1, '2014-01-31', 45, 'G04', '', 47, 'LUZ', ''), (508, 3, '2014-01-31', 542, 'L35', '', 42, '567', ''), (509, 3, '2014-01-31', 556, 'L38', '', 56, '569', ''), (510, 3, '2014-01-31', 551, 'L25', '', 53, '566', ''), (511, 3, '2014-01-31', 553, 'L13', '', 55, '568', ''), (512, 1, '2014-01-31', 42, 'J16', '', 42, '053', ''), (513, 1, '2014-01-31', 34, 'G03', '', 46, '055', ''), (514, 3, '2014-01-31', 555, 'L12', '', 57, '570', ''), (515, 3, '2014-01-31', 557, 'L04', '', 59, '572', ''), (516, 1, '2014-01-31', 44, 'J10', '', 48, '057', ''), (517, 1, '2014-01-31', 48, 'Q33', '', 50, '059', ''), (518, 1, '2014-01-31', 35, 'J20', '', 37, '062', ''), (519, 3, '2014-01-31', 546, 'L29', '', 46, '571', ''), (520, 3, '2014-01-31', 560, 'L05', '', 60, '573', ''), (521, 3, '2014-01-31', 559, 'L15', '', 61, '574', ''), (522, 3, '2014-01-31', 561, 'L23', '', 63, '576', ''), (523, 1, '2014-01-31', 33, 'J19', '', 35, 'FMO', ''), (524, 1, '2014-01-31', 39, 'J17', '', 41, '058', 'Revisão LPA 08:30  '), (525, 1, '2014-01-31', 37, 'G09', '', 39, '070', ''), (526, 3, '2014-01-31', 550, 'L11', '', 50, '575', 'REVISÃO LUZ - 10:30  '), (527, 3, '2014-01-31', 564, 'L20', '', 64, '577', ''), (528, 3, '2014-01-31', 554, 'L22', '', 54, '579', 'REVISÃO LUZ - 10:00  '), (529, 1, '2014-01-31', 50, 'J22', '', 52, '065', ''), (530, 3, '2014-01-31', 563, 'L17', '', 65, '586', ''), (531, 3, '2014-01-31', 565, 'L03', '', 67, '588', ''), (532, 3, '2014-01-31', 568, 'L13', '', 68, '581', ''), (533, 3, '2014-01-31', 558, 'L26', '', 58, '583', ''), (534, 1, '2014-01-31', 41, 'J12', '', 43, '074', ''), (535, 1, '2014-01-31', 36, 'M06', '', 54, '067', ''), (536, 3, '2014-01-31', 567, 'L35', '', 69, '590', ''), (537, 1, '2014-01-31', 46, 'G08', '', 56, '071', ''), (538, 1, '2014-01-31', 43, 'J11', '', 45, '076', ''), (539, 3, '2014-01-31', 569, 'L38', '', 71, '592', ''), (540, 1, '2014-01-31', 58, 'J17', '', 62, 'LPA', 'Revisão LPA 08:30   '), (541, 3, '2014-01-31', 571, 'L29', '', 73, '594', ''), (542, 3, '2014-01-31', 572, 'L04', '', 72, '585', ''), (543, 3, '2014-01-31', 562, 'L18', '', 62, '587', ''), (544, 1, '2014-01-31', 47, 'G07', '', 49, '080', ''), (545, 1, '2014-01-31', 62, 'J20', '', 70, '075', ''), (546, 3, '2014-01-31', 576, 'L23', '', 76, '589', ''), (547, 3, '2014-01-31', 573, 'L05', '', 75, '596', ''), (548, 3, '2014-01-31', 566, 'L25', '', 66, '591', ''), (549, 3, '2014-01-31', 575, 'L11', '', 77, 'LUZ', 'REVISÃO LUZ - 10:30   '), (550, 1, '2014-01-31', 49, 'G04', '', 51, '082', ''), (551, 1, '2014-01-31', 60, 'G10', '', 58, '079', ''), (552, 3, '2014-01-31', 577, 'L20', '', 79, '598', ''), (553, 1, '2014-01-31', 64, 'G02', '', 60, '081', ''), (554, 3, '2014-01-31', 579, 'L22', '', 81, '600', 'REVISÃO LUZ - 10:00   '), (555, 1, '2014-01-31', 66, 'Q24', '', 72, '083', ''), (556, 3, '2014-01-31', 570, 'L12', '', 70, '593', ''), (557, 3, '2014-01-31', 574, 'L15', '', 74, '595', ''), (558, 3, '2014-01-31', 586, 'L17', '', 78, '605', ''), (559, 3, '2014-01-31', 581, 'L13', '', 83, 'LUZ', 'Recolher após chegar BAS.  '), (560, 1, '2014-01-31', 53, 'J16', '', 53, '084', ''), (561, 1, '2014-01-31', 55, 'G03', '', 55, '086', ''), (562, 3, '2014-01-31', 583, 'L26', '', 85, '602', ''), (563, 1, '2014-01-31', 70, 'G09', '', 74, '087', ''), (564, 1, '2014-01-31', 57, 'J10', '', 57, '088', ''), (565, 3, '2014-01-31', 585, 'L04', '', 87, '604', ''), (566, 1, '2014-01-31', 63, 'Q33', '', 59, '090', ''), (567, 3, '2014-01-31', 581, 'L13', '', 83, 'LUZ', 'Recolher após chegar BAS.   '), (568, 1, '2014-01-31', 72, 'M10', '', 76, '089', ''), (569, 3, '2014-01-31', 588, 'L03', '', 80, '607', ''), (570, 3, '2014-01-31', 590, 'L35', '', 82, '609', ''), (571, 3, '2014-01-31', 587, 'L18', '', 89, '606', ''), (572, 1, '2014-01-31', 65, 'J22', '', 61, '092', ''), (573, 1, '2014-01-31', 67, 'M06', '', 63, '094', ''), (574, 1, '2014-01-31', 74, 'J12', '', 78, '091', ''), (575, 1, '2014-01-31', 76, 'J11', '', 80, '093', ''), (576, 3, '2014-01-31', 589, 'L23', '', 91, '608', ''), (577, 1, '2014-01-31', 75, 'J20', '', 67, '096', ''), (578, 1, '2014-01-31', 78, 'J19', '', 82, '095', ''), (579, 1, '2014-01-31', 95, 'J19', '', 85, 'PQR', ''), (580, 3, '2014-01-31', 591, 'L25', '', 93, '612', ''), (581, 1, '2014-01-31', 80, 'G07', '', 84, '095', ''), (582, 1, '2014-01-31', 79, 'G10', '', 69, 'JUN', ''), (583, 1, '2014-01-31', 81, 'G02', '', 71, '098', ''), (584, 1, '2014-01-31', 82, 'G04', '', 86, '097', ''), (585, 3, '2014-01-31', 593, 'L12', '', 95, '614', ''), (586, 3, '2014-01-31', 592, 'L38', '', 84, '611', ''), (587, 3, '2014-01-31', 594, 'L29', '', 86, '613', ''), (588, 3, '2014-01-31', 596, 'L05', '', 88, '615', ''), (589, 3, '2014-01-31', 598, 'L20', '', 90, '617', ''), (590, 3, '2014-01-31', 600, 'L22', '', 92, '619', 'REVISÃO LUZ - 10:00    '), (591, 3, '2014-01-31', 605, 'L17', '', 99, '616', ''), (592, 1, '2014-01-31', 84, 'J16', '', 88, '099', ''), (593, 1, '2014-01-31', 86, 'G03', '', 90, '101', ''), (594, 3, '2014-01-31', 597, 'L15', '', 97, 'LUZ', ''), (595, 3, '2014-01-31', 607, 'L03', '', 101, '618', ''), (596, 1, '2014-01-31', 71, 'G08', '', 65, '100', ''), (597, 1, '2014-01-31', 83, 'Q24', '', 73, '102', ''), (598, 1, '2014-01-31', 88, 'J10', '', 92, '103', ''), (599, 1, '2014-01-31', 85, 'J18', '', 75, '104', ''), (600, 3, '2014-01-31', 609, 'L35', '', 103, '622', ''), (601, 3, '2014-01-31', 602, 'L26', '', 94, '621', ''), (602, 3, '2014-01-31', 604, 'L04', '', 96, '623', ''), (603, 1, '2014-01-31', 87, 'G09', '', 77, '106', ''), (604, 1, '2014-01-31', 90, 'Q33', '', 94, '107', ''), (605, 3, '2014-01-31', 611, 'L38', '', 105, '624', ''), (606, 1, '2014-01-31', 89, 'M10', '', 79, '108', ''), (607, 3, '2014-01-31', 613, 'L29', '', 107, '626', ''), (608, 1, '2014-01-31', 92, 'J22', '', 96, '109', ''), (609, 1, '2014-01-31', 94, 'M06', '', 98, '111', ''), (610, 1, '2014-01-31', 91, 'J12', '', 81, '110', ''), (611, 3, '2014-01-31', 615, 'L05', '', 109, '628', ''), (612, 3, '2014-01-31', 616, 'L17', '', 106, '625', ''), (613, 3, '2014-01-31', 606, 'L18', '', 98, '627', ''), (614, 1, '2014-01-31', 93, 'J11', '', 83, 'JUN', ''), (615, 3, '2014-01-31', 608, 'L23', '', 100, '631', ''), (616, 1, '2014-01-31', 112, 'G10', '', 116, 'ABR', ''), (617, 3, '2014-01-31', 617, 'L20', '', 111, '630', ''), (618, 3, '2014-01-31', 612, 'L25', '', 102, '633', ''), (619, 1, '2014-01-31', 95, 'G07', '', 85, '116', ''), (620, 1, '2014-01-31', 96, 'J20', '', 100, '113', ''), (621, 1, '2014-01-31', 97, 'G04', '', 87, '118', ''), (622, 3, '2014-01-31', 619, 'L22', '', 113, 'LUZ', 'REVISÃO LUZ - 10:00     '), (623, 1, '2014-01-31', 99, 'J16', '', 89, '120', ''), (624, 1, '2014-01-31', 98, 'G02', '', 102, '115', ''), (625, 1, '2014-01-31', 100, 'G08', '', 104, '117', ''), (626, 3, '2014-01-31', 614, 'L12', '', 104, '635', ''), (627, 1, '2014-01-31', 102, 'Q24', '', 106, '121', ''), (628, 3, '2014-01-31', 618, 'L03', '', 108, '637', ''), (629, 3, '2014-01-31', 621, 'L26', '', 115, '634', ''), (630, 1, '2014-01-31', 104, 'J18', '', 108, 'PRT', ''), (631, 3, '2014-01-31', 623, 'L04', '', 117, '636', ''), (632, 3, '2014-01-31', 620, 'L15', '', 110, '639', ''), (633, 3, '2014-01-31', 622, 'L35', '', 112, '641', ''), (634, 1, '2014-01-31', 106, 'G09', '', 110, '123', ''), (635, 1, '2014-01-31', 101, 'G03', '', 91, '122', ''), (636, 1, '2014-01-31', 103, 'J10', '', 93, '124', ''), (637, 3, '2014-01-31', 625, 'L17', '', 119, '638', ''), (638, 3, '2014-01-31', 627, 'L18', '', 121, '640', ''), (639, 3, '2014-01-31', 631, 'L23', '', 123, '642', ''), (640, 3, '2014-01-31', 633, 'L25', '', 125, '644', ''), (641, 1, '2014-01-31', 107, 'Q33', '', 95, 'JUN', ''), (642, 1, '2014-01-31', 109, 'J22', '', 97, '130', ''), (643, 1, '2014-01-31', 108, 'M10', '', 112, '125', ''), (644, 1, '2014-01-31', 110, 'J12', '', 114, '127', ''), (645, 3, '2014-01-31', 624, 'L38', '', 114, '643', ''), (646, 3, '2014-01-31', 626, 'L29', '', 116, '645', ''), (647, 1, '2014-01-31', 114, 'G10', '', 116, '129', ''), (648, 1, '2014-01-31', 111, 'M06', '', 99, '132', ''), (649, 3, '2014-01-31', 628, 'L05', '', 118, '647', ''), (650, 3, '2014-01-31', 635, 'L12', '', 127, '646', ''), (651, 1, '2014-01-31', 113, 'J20', '', 101, '134', ''), (652, 1, '2014-01-31', 115, 'G02', '', 103, '136', ''), (653, 1, '2014-01-31', 116, 'G07', '', 118, '131', ''), (654, 1, '2014-01-31', 118, 'G04', '', 120, '133', ''), (655, 1, '2014-01-31', 120, 'J16', '', 122, '135', ''), (656, 3, '2014-01-31', 637, 'L03', '', 129, '648', ''), (657, 3, '2014-01-31', 639, 'L15', '', 131, '650', ''), (658, 1, '2014-01-31', 122, 'G03', '', 124, '137', ''), (659, 3, '2014-01-31', 630, 'L20', '', 120, '649', ''), (660, 3, '2014-01-31', 634, 'L26', '', 122, '653', ''), (661, 3, '2014-01-31', 641, 'L35', '', 133, '654', ''), (662, 3, '2014-01-31', 636, 'L04', '', 124, '655', ''), (663, 3, '2014-01-31', 638, 'L17', '', 126, '657', ''), (664, 1, '2014-01-31', 117, 'G08', '', 105, '140', ''), (665, 1, '2014-01-31', 121, 'Q24', '', 107, 'JUN', ''), (666, 1, '2014-01-31', 137, 'G03', '', 123, 'LUZ', ''), (667, 1, '2014-01-31', 124, 'J10', '', 126, '139', ''), (668, 1, '2014-01-31', 123, 'G09', '', 109, '142', ''), (669, 3, '2014-01-31', 643, 'L38', '', 135, '656', ''), (670, 3, '2014-01-31', 645, 'L29', '', 137, '658', ''), (671, 1, '2014-01-31', 128, 'J11', '', 128, '141', ''), (672, 3, '2014-01-31', 647, 'L05', '', 139, '660', ''), (673, 1, '2014-01-31', 125, 'M10', '', 111, '146', ''), (674, 1, '2014-01-31', 135, 'J16', '', 121, 'LPA', ''), (675, 3, '2014-01-31', 640, 'L18', '', 128, '659', ''), (676, 3, '2014-01-31', 650, 'L15', '', 138, '661', ''), (677, 3, '2014-01-31', 642, 'L23', '', 130, '663', ''), (678, 3, '2014-01-31', 644, 'L25', '', 132, '665', ''), (679, 1, '2014-01-31', 130, 'J22', '', 130, '143', ''), (680, 1, '2014-01-31', 132, 'M06', '', 132, '145', ''), (681, 3, '2014-01-31', 649, 'L20', '', 141, '662', ''), (682, 1, '2014-01-31', 144, 'Q33', '', 142, 'JUN', ''), (683, 1, '2014-01-31', 144, 'Q24', '', 142, 'BFU', ''), (684, 1, '2014-01-31', 127, 'J12', '', 113, 'FMO', ''), (685, 1, '2014-01-31', 129, 'G10', '', 115, '148', ''), (686, 3, '2014-01-31', 653, 'L26', '', 143, '664', ''), (687, 1, '2014-01-31', 134, 'J20', '', 134, '149', ''), (688, 3, '2014-01-31', 646, 'L12', '', 134, '667', ''), (689, 1, '2014-01-31', 131, 'G07', '', 117, '152', ''), (690, 1, '2014-01-31', 133, 'G04', '', 119, '154', ''), (691, 3, '2014-01-31', 655, 'L04', '', 145, '666', ''), (692, 3, '2014-01-31', 648, 'L03', '', 136, '669', ''), (693, 3, '2014-01-31', 654, 'L35', '', 140, '673', ''), (694, 3, '2014-01-31', 657, 'L17', '', 147, '668', ''), (695, 3, '2014-01-31', 659, 'L18', '', 149, '672', ''), (696, 1, '2014-01-31', 139, 'J10', '', 123, '158', ''), (697, 3, '2014-01-31', 656, 'L38', '', 142, '675', ''), (698, 1, '2014-01-31', 136, 'G02', '', 136, '151', ''), (699, 1, '2014-01-31', 140, 'G08', '', 138, '153', ''), (700, 3, '2014-01-31', 661, 'L15', '', 151, '674', ''), (701, 3, '2014-01-31', 663, 'L23', '', 153, '676', ''), (702, 1, '2014-01-31', 142, 'G09', '', 140, '157', ''), (703, 1, '2014-01-31', 141, 'J11', '', 125, '160', ''), (704, 1, '2014-01-31', 143, 'J22', '', 127, '166', ''), (705, 1, '2014-01-31', 144, 'Q33', '', 142, '159', ''), (706, 3, '2014-01-31', 658, 'L29', '', 144, '677', ''), (707, 3, '2014-01-31', 660, 'L05', '', 146, '679', ''), (708, 3, '2014-01-31', 662, 'L20', '', 148, '681', ''), (709, 1, '2014-01-31', 146, 'M10', '', 148, '161', ''), (710, 3, '2014-01-31', 665, 'L25', '', 155, '678', ''), (711, 3, '2014-01-31', 667, 'L12', '', 157, '680', ''), (712, 1, '2014-01-31', 161, 'M10', '', 141, 'Excluído', 'Excluído'), (713, 1, '2014-01-31', 148, 'G10', '', 150, '163', ''), (714, 3, '2014-01-31', 669, 'L03', '', 159, '684', ''), (715, 1, '2014-01-31', 147, 'M06', '', 129, 'LUZ', 'CORRETIVA LUZ '), (716, 1, '2014-01-31', 149, 'J20', '', 131, '168', ''), (717, 3, '2014-01-31', 664, 'L26', '', 150, '683', ''), (718, 3, '2014-01-31', 666, 'L04', '', 152, '685', ''), (719, 1, '2014-01-31', 152, 'G07', '', 152, '165', ''), (720, 1, '2014-01-31', 154, 'G04', '', 154, '167', ''), (721, 3, '2014-01-31', 673, 'L35', '', 161, '686', ''), (722, 3, '2014-01-31', 675, 'L38', '', 163, '688', ''), (723, 1, '2014-01-31', 156, 'Q24', '', 156, '169', ''), (724, 1, '2014-01-31', 151, 'G02', '', 133, '172', ''), (725, 3, '2014-01-31', 677, 'L29', '', 165, '690', ''), (726, 1, '2014-01-31', 160, 'J11', '', 160, '171', ''), (727, 1, '2014-01-31', 158, 'J10', '', 158, '173', ''), (728, 3, '2014-01-31', 668, 'L17', '', 154, '687', ''), (729, 3, '2014-01-31', 672, 'L18', '', 156, '691', ''), (730, 3, '2014-01-31', 674, 'L15', '', 158, '693', ''), (731, 3, '2014-01-31', 679, 'L05', '', 167, '694', ''), (732, 1, '2014-01-31', 155, 'G08', '', 135, '174', ''), (733, 1, '2014-01-31', 157, 'G09', '', 137, '176', ''), (734, 1, '2014-01-31', 159, 'Q33', '', 139, '178', ''), (735, 1, '2014-01-31', 162, 'J12', '', 162, '177', ''), (736, 3, '2014-01-31', 681, 'L20', '', 169, '696', ''), (737, 3, '2014-01-31', 676, 'L23', '', 160, '695', ''), (738, 3, '2014-01-31', 683, 'L26', '', 171, '698', ''), (739, 1, '2014-01-31', 166, 'J22', '', 164, '179', ''), (740, 3, '2014-01-31', 685, 'L04', '', 173, '700', ''), (741, 3, '2014-01-31', 678, 'L25', '', 162, '697', ''), (742, 3, '2014-01-31', 680, 'L12', '', 164, '699', ''), (743, 3, '2014-01-31', 684, 'L03', '', 166, '703', ''), (744, 1, '2014-01-31', 170, 'J20', '', 166, '183', ''), (745, 1, '2014-01-31', 163, 'G10', '', 141, '186', ''), (746, 1, '2014-01-31', 165, 'G07', '', 143, '188', ''), (747, 3, '2014-01-31', 687, 'L17', '', 175, '702', ''), (748, 1, '2014-01-31', 172, 'G02', '', 168, '185', ''), (749, 1, '2014-01-31', 167, 'G04', '', 145, '192', ''), (750, 3, '2014-01-31', 691, 'L18', '', 177, '706', ''), (751, 1, '2014-01-31', 174, 'G08', '', 170, '187', ''), (752, 3, '2014-01-31', 693, 'L15', '', 179, '700', ''), (753, 1, '2014-01-31', 186, 'J15', '', 178, 'PRT', ''), (754, 1, '2014-01-31', 169, 'Q24', '', 147, '194', ''), (755, 1, '2014-01-31', 171, 'J11', '', 149, '198', ''), (756, 3, '2014-01-31', 686, 'L35', '', 168, '705', ''), (757, 3, '2014-01-31', 694, 'L05', '', 176, '705', ''), (758, 1, '2014-01-31', 176, 'G09', '', 172, '189', ''), (759, 3, '2014-01-31', 688, 'L38', '', 170, '709', ''), (760, 3, '2014-01-31', 695, 'L23', '', 181, '710', ''), (761, 1, '2014-01-31', 173, 'J10', '', 151, '200', ''), (762, 1, '2014-01-31', 178, 'Q33', '', 174, '193', ''), (763, 1, '2014-01-31', 175, 'M10', '', 153, '202', ''), (764, 3, '2014-01-31', 697, 'L25', '', 183, '714', ''), (765, 1, '2014-01-31', 184, 'J15', '', 176, '195', ''), (766, 3, '2014-01-31', 699, 'L12', '', 185, '718', ''), (767, 1, '2014-01-31', 186, 'J17', '', 178, '199', ''), (768, 1, '2014-01-31', 188, 'G10', '', 182, '201', ''), (769, 3, '2014-01-31', 702, 'L17', '', 184, '711', ''), (770, 3, '2014-01-31', 690, 'L29', '', 172, '701', ''), (771, 3, '2014-01-31', 703, 'L03', '', 187, '720', ''), (772, 1, '2014-01-31', 190, 'G07', '', 184, '203', ''), (773, 3, '2014-01-31', 705, 'L05', '', 189, '722', ''), (774, 3, '2014-01-31', 692, 'L34', '', 174, '715', ''), (775, 1, '2014-01-31', 192, 'G04', '', 186, '205', ''), (776, 3, '2014-01-31', 696, 'L20', '', 178, '701', ''), (777, 3, '2014-01-31', 706, 'L18', '', 188, 'SAN', ''), (778, 3, '2014-01-31', 710, 'L23', '', 192, '719', ''), (779, 3, '2014-01-31', 698, 'L26', '', 180, '721', ''), (780, 3, '2014-01-31', 707, 'L35', '', 191, '726', ''), (781, 1, '2014-01-31', 194, 'Q24', '', 188, '207', ''), (782, 1, '2014-01-31', 177, 'J12', '', 155, '204', ''), (783, 1, '2014-01-31', 181, 'J22', '', 157, '206', ''), (784, 1, '2014-01-31', 183, 'J20', '', 159, '210', ''), (785, 1, '2014-01-31', 185, 'G02', '', 161, '212', ''), (786, 1, '2014-01-31', 187, 'G08', '', 163, '214', ''), (787, 1, '2014-01-31', 191, 'G09', '', 165, '216', ''), (788, 1, '2014-01-31', 193, 'J16', '', 167, '218', ''), (789, 1, '2014-01-31', 195, 'Q33', '', 169, '220', ''), (790, 1, '2014-01-31', 197, 'J15', '', 171, '222', ''), (791, 1, '2014-01-31', 196, 'J19', '', 190, '209', ''), (792, 3, '2014-01-31', 714, 'L25', '', 196, '723', ''), (793, 3, '2014-01-31', 700, 'L04', '', 182, '725', ''), (794, 1, '2014-01-31', 198, 'J11', '', 192, '211', ''), (795, 1, '2014-01-31', 200, 'J10', '', 194, '213', ''), (796, 3, '2014-01-31', 709, 'L38', '', 193, '728', ''), (797, 3, '2014-01-31', 711, 'L17', '', 195, '730', ''), (798, 3, '2014-01-31', 704, 'L11', '', 186, '727', ''), (799, 3, '2014-01-31', 718, 'L12', '', 200, '729', ''), (800, 1, '2014-01-31', 202, 'M10', '', 196, '215', ''), (801, 1, '2014-01-31', 204, 'J12', '', 198, '217', ''), (802, 3, '2014-01-31', 708, 'L15', '', 190, '731', ''), (803, 3, '2014-01-31', 722, 'L05', '', 204, '733', ''), (804, 3, '2014-01-31', 712, 'L13', '', 194, '735', ''), (805, 1, '2014-01-31', 208, 'J22', '', 200, '219', ''), (806, 3, '2014-01-31', 713, 'L29', '', 197, '732', ''), (807, 3, '2014-01-31', 716, 'L01', '', 198, '739', ''), (808, 3, '2014-01-31', 715, 'L34', '', 199, '734', ''), (809, 1, '2014-01-31', 199, 'J17', '', 173, '224', ''), (810, 3, '2014-01-31', 717, 'L20', '', 201, '736', ''), (811, 3, '2014-01-31', 719, 'L23', '', 203, '738', ''), (812, 1, '2014-01-31', 212, 'G02', '', 204, '223', 'Revisão LPA 21H00 '), (813, 1, '2014-01-31', 210, 'J20', '', 202, '225', ''), (814, 3, '2014-01-31', 721, 'L26', '', 205, '740', 'Revisão 21:00 '), (815, 3, '2014-01-31', 720, 'L03', '', 202, '743', ''), (816, 3, '2014-01-31', 726, 'L35', '', 208, '737', ''), (817, 1, '2014-01-31', 214, 'G08', '', 206, '227', ''), (818, 1, '2014-01-31', 201, 'G10', '', 175, '226', ''), (819, 3, '2014-01-31', 724, 'L22', '', 206, '747', ''), (820, 1, '2014-01-31', 203, 'G07', '', 177, '228', ''), (821, 3, '2014-01-31', 723, 'L25', '', 207, '742', ''), (822, 3, '2014-01-31', 730, 'L17', '', 212, '741', ''), (823, 3, '2014-01-31', 725, 'L04', '', 209, '744', ''), (824, 1, '2014-01-31', 216, 'G09', '', 208, '229', ''), (825, 1, '2014-01-31', 218, 'J16', '', 210, '231', ''), (826, 1, '2014-01-31', 205, 'G04', '', 179, '230', ''), (827, 1, '2014-01-31', 207, 'Q24', '', 181, '232', ''), (828, 3, '2014-01-31', 727, 'L11', '', 211, '746', ''), (829, 1, '2014-01-31', 209, 'J19', '', 183, 'FMO', 'Lavador BFU '), (830, 3, '2014-01-31', 729, 'L12', '', 213, '748', ''), (831, 3, '2014-01-31', 728, 'L38', '', 210, '751', ''), (832, 1, '2014-01-31', 211, 'J11', '', 185, '240', ''), (833, 3, '2014-01-31', 734, 'L34', '', 216, '747', ''), (834, 3, '2014-01-31', 731, 'L15', '', 215, '750', 'Revisão 21:00 '), (835, 1, '2014-01-31', 220, 'Q33', '', 212, '235', ''), (836, 1, '2014-01-31', 213, 'J10', '', 187, '242', 'Revisão LUZ 22h00 '), (837, 3, '2014-01-31', 733, 'L05', '', 217, '752', ''), (838, 1, '2014-01-31', 215, 'M10', '', 189, '244', ''), (839, 1, '2014-01-31', 222, 'J15', '', 214, '239', ''), (840, 3, '2014-01-31', 732, 'L29', '', 214, '755', ''), (841, 3, '2014-01-31', 738, 'L23', '', 220, '751', ''), (842, 3, '2014-01-31', 735, 'L13', '', 219, '754', ''), (843, 3, '2014-01-31', 737, 'L35', '', 221, '756', ''), (844, 1, '2014-01-31', 224, 'J17', '', 216, '241', ''), (845, 1, '2014-01-31', 217, 'J12', '', 191, 'LPA', 'revisão LPA 21H20 '), (846, 3, '2014-01-31', 739, 'L01', '', 223, '758', ''), (847, 3, '2014-01-31', 736, 'L20', '', 218, '757', ''), (848, 1, '2014-01-31', 219, 'J18', '', 193, '246', ''), (849, 3, '2014-01-31', 742, 'L25', '', 224, '753', 'CORRETIVA '), (850, 1, '2014-01-31', 226, 'G10', '', 218, '243', ''), (851, 3, '2014-01-31', 741, 'L17', '', 225, '760', ''), (852, 1, '2014-01-31', 221, 'J22', '', 195, '248', ''), (853, 1, '2014-01-31', 228, 'G07', '', 220, '245', ''), (854, 3, '2014-01-31', 743, 'L03', '', 227, '762', ''), (855, 1, '2014-01-31', 223, 'G02', '', 197, 'LPA', 'Revisão LPA 21H00  '), (856, 1, '2014-01-31', 225, 'J20', '', 199, '250', ''), (857, 1, '2014-01-31', 230, 'G04', '', 222, '247', ''), (858, 3, '2014-01-31', 745, 'L22', '', 229, '764', ''), (859, 1, '2014-01-31', 227, 'G08', '', 201, '252', ''), (860, 3, '2014-01-31', 740, 'L26', '', 222, '761', 'REV 21H00 '), (861, 3, '2014-01-31', 748, 'L12', '', 230, '757', ''), (862, 3, '2014-01-31', 747, 'L34', '', 231, '766', ''), (863, 3, '2014-01-31', 744, 'L04', '', 226, '765', ''), (864, 1, '2014-01-31', 232, 'Q24', '', 224, '249', ''), (865, 3, '2014-01-31', 749, 'L38', '', 233, '768', ''), (866, 3, '2014-01-31', 752, 'L05', '', 234, '761', ''), (867, 1, '2014-01-31', 240, 'J11', '', 226, '253', ''), (868, 3, '2014-01-31', 746, 'L11', '', 228, '769', ''), (869, 3, '2014-01-31', 751, 'L23', '', 235, '770', ''), (870, 1, '2014-01-31', 229, 'G09', '', 203, '254', ''), (871, 3, '2014-01-31', 753, 'L25', '', 237, '772', 'CORRETIVA   '), (872, 1, '2014-01-31', 231, 'J16', '', 205, 'FMO', ''), (873, 1, '2014-01-31', 242, 'J10', '', 228, 'LUZ', 'Revisão LUZ 22h00  '), (874, 3, '2014-01-31', 756, 'L35', '', 238, '767', ''), (875, 1, '2014-01-31', 235, 'Q33', '', 207, '256', ''), (876, 1, '2014-01-31', 244, 'M10', '', 230, '257', ''), (877, 3, '2014-01-31', 750, 'L15', '', 232, '773', 'Revisão 21:00  '), (878, 3, '2014-01-31', 755, 'L29', '', 239, 'BAS', 'CORRETIVA '), (879, 3, '2014-01-31', 760, 'L17', '', 242, '771', ''), (880, 1, '2014-01-31', 239, 'J15', '', 209, 'FMO', ''), (881, 3, '2014-01-31', 757, 'L12', '', 241, '776', ''), (882, 3, '2014-01-31', 754, 'L13', '', 236, '777', ''), (883, 1, '2014-01-31', 246, 'J18', '', 232, '259', ''), (884, 1, '2014-01-31', 241, 'J17', '', 211, '258', ''), (885, 3, '2014-01-31', 759, 'L20', '', 243, '780', ''), (886, 3, '2014-01-31', 764, 'L22', '', 246, '775', ''), (887, 3, '2014-01-31', 761, 'L05', '', 245, '784', ''), (888, 1, '2014-01-31', 248, 'J22', '', 234, '261', ''), (889, 3, '2014-01-31', 758, 'L01', '', 240, '779', ''), (890, 1, '2014-01-31', 243, 'G10', '', 213, 'FDR', ''), (891, 1, '2014-01-31', 245, 'G07', '', 215, '260', ''), (892, 3, '2014-01-31', 763, 'L26', '', 247, 'BAS', 'REV 21H00    '), (893, 1, '2014-01-31', 257, 'M10', '', 225, 'LPA', ''), (894, 1, '2014-01-31', 247, 'G04', '', 217, 'FDR', ''), (895, 1, '2014-01-31', 250, 'J20', '', 236, '263', ''), (896, 3, '2014-01-31', 765, 'L04', '', 249, '786', ''), (897, 3, '2014-01-31', 762, 'L03', '', 244, '781', ''), (898, 3, '2014-01-31', 766, 'L34', '', 248, '783', ''), (899, 3, '2014-01-31', 768, 'L38', '', 250, 'SAN', ''), (900, 1, '2014-01-31', 252, 'G08', '', 238, '265', ''), (901, 3, '2014-01-31', 767, 'L35', '', 251, '788', ''), (902, 3, '2014-01-31', 769, 'L11', '', 253, 'SCT', ''), (903, 3, '2014-01-31', 788, 'L35', '', 264, 'BAS', ''), (904, 1, '2014-01-31', 254, 'G09', '', 240, '267', ''), (905, 3, '2014-01-31', 771, 'L17', '', 255, '792', ''), (906, 1, '2014-01-31', 249, 'Q24', '', 219, '262', ''), (907, 1, '2014-01-31', 251, 'G03', '', 221, '264', ''), (908, 3, '2014-01-31', 773, 'L15', '', 257, 'BAS', 'Revisão 21:00   '), (909, 1, '2014-01-31', 255, 'J11', '', 223, '266', ''), (910, 1, '2014-01-31', 256, 'Q33', '', 242, '269', ''), (911, 3, '2014-01-31', 775, 'L22', '', 259, '798', ''), (912, 3, '2014-01-31', 770, 'L23', '', 252, '785', ''), (913, 3, '2014-01-31', 774, 'L25', '', 254, '787', 'CORRETIVA     '), (914, 3, '2014-01-31', 777, 'L13', '', 261, '800', ''), (915, 3, '2014-01-31', 776, 'L12', '', 256, '789', ''), (916, 3, '2014-01-31', 779, 'L01', '', 263, '802', ''), (917, 1, '2014-01-31', 258, 'J17', '', 244, '271', ''), (918, 3, '2014-01-31', 780, 'L20', '', 258, '791', ''), (919, 3, '2014-01-31', 781, 'L03', '', 265, '804', ''), (920, 1, '2014-01-31', 259, 'J18', '', 227, '268', ''), (921, 3, '2014-01-31', 784, 'L05', '', 260, '793', ''), (922, 1, '2014-01-31', 261, 'J22', '', 229, '270', ''), (923, 1, '2014-01-31', 260, 'G07', '', 246, '273', ''), (924, 1, '2014-01-31', 265, 'G08', '', 233, '272', ''), (925, 3, '2014-01-31', 786, 'L04', '', 262, '795', ''), (926, 1, '2014-01-31', 262, 'Q24', '', 248, '275', ''), (927, 3, '2014-01-31', 783, 'L34', '', 267, '806', ''), (928, 3, '2014-01-31', 785, 'L23', '', 269, '808', ''), (929, 3, '2014-01-31', 798, 'L22', '', 272, '797', ''), (930, 1, '2014-01-31', 264, 'G03', '', 250, '277', ''), (931, 1, '2014-01-31', 267, 'G09', '', 235, '274', ''), (932, 3, '2014-01-31', 788, 'L18', '', 266, '799', ''), (933, 3, '2014-01-31', 787, 'L25', '', 271, 'BAS', 'CORRETIVA      '), (934, 1, '2014-01-31', 263, 'J20', '', 231, '276', ''), (935, 1, '2014-01-31', 269, 'Q33', '', 237, 'LPA', 'Revisão LPA (após as 23H00) '), (936, 3, '2014-01-31', 787, 'L25', '', 271, 'LUZ', ''), (937, 1, '2014-01-31', 266, 'J11', '', 252, '279', ''), (938, 3, '2014-01-31', 790, 'L35', '', 268, '801', ''), (939, 3, '2014-01-31', 789, 'L12', '', 273, '810', ''), (940, 1, '2014-01-31', 268, 'J18', '', 254, '281', ''), (941, 1, '2014-01-31', 271, 'J17', '', 239, '278', ''), (942, 3, '2014-01-31', 796, 'L17', '', 270, '805', ''), (943, 3, '2014-01-31', 800, 'L13', '', 274, '809', ''), (944, 3, '2014-01-31', 791, 'L20', '', 275, '812', ''), (945, 3, '2014-01-31', 793, 'L05', '', 277, '814', ''), (946, 1, '2014-01-31', 270, 'J22', '', 256, '283', ''), (947, 3, '2014-01-31', 791, 'L20', '', 275, '812', ''), (948, 3, '2014-01-31', 814, 'L20', '', 290, 'Excluído', 'Excluído'), (949, 3, '2014-01-31', 812, 'L05', '', 288, 'Excluído', 'Excluído'), (950, 3, '2014-01-31', 795, 'L04', '', 279, '816', ''), (951, 1, '2014-01-31', 272, 'G08', '', 258, '285', ''), (952, 1, '2014-01-31', 273, 'G07', '', 241, '280', ''), (953, 1, '2014-01-31', 275, 'Q24', '', 243, '282', ''), (954, 1, '2014-01-31', 277, 'G03', '', 245, '284', ''), (955, 3, '2014-01-31', 797, 'L22', '', 281, '818', ''), (956, 3, '2014-01-31', 802, 'L01', '', 276, '811', ''), (957, 3, '2014-01-31', 804, 'L03', '', 278, '813', ''), (958, 3, '2014-01-31', 806, 'L34', '', 280, '815', ''), (959, 1, '2014-01-31', 274, 'G09', '', 260, '287', ''), (960, 1, '2014-01-31', 276, 'J20', '', 262, '289', ''), (961, 3, '2014-01-31', 799, 'L18', '', 283, '820', ''), (962, 3, '2014-01-31', 803, 'L35', '', 285, '822', ''), (963, 3, '2014-01-31', 815, 'L34', '', 295, 'Excluído', 'Excluído'), (964, 3, '2014-01-31', 814, 'L05', '', 288, '815', ''), (965, 3, '2014-01-31', 814, 'L05', '', 288, '815', ''), (966, 1, '2014-01-31', 278, 'J17', '', 264, '293', ''), (967, 3, '2014-01-31', 805, 'L17', '', 287, '824', ''), (968, 3, '2014-01-31', 809, 'L13', '', 289, '826', ''), (969, 3, '2014-01-31', 808, 'L23', '', 282, '817', ''), (970, 3, '2014-01-31', 810, 'L12', '', 284, '819', ''), (971, 3, '2014-01-31', 811, 'L01', '', 291, '828', ''), (972, 1, '2014-01-31', 279, 'J11', '', 247, '286', ''), (973, 1, '2014-01-31', 281, 'J18', '', 249, '288', ''), (974, 1, '2014-01-31', 283, 'J22', '', 251, '290', ''), (975, 1, '2014-01-31', 285, 'G08', '', 253, '292', ''), (976, 3, '2014-01-31', 812, 'L20', '', 286, '821', ''), (977, 1, '2014-01-31', 280, 'G07', '', 266, '295', ''), (978, 1, '2014-01-31', 282, 'Q24', '', 268, '297', ''), (979, 1, '2014-01-31', 284, 'G03', '', 270, '299', ''), (980, 3, '2014-01-31', 813, 'L03', '', 293, '830', ''), (981, 3, '2014-01-31', 815, 'L05', '', 295, '832', ''), (982, 3, '2014-01-31', 816, 'L04', '', 290, '825', ''), (983, 3, '2014-01-31', 818, 'L22', '', 292, '827', ''), (984, 3, '2014-01-31', 820, 'L18', '', 294, '829', ''), (985, 1, '2014-01-31', 286, 'J11', '', 272, 'FMO', ''), (986, 1, '2014-01-31', 287, 'G09', '', 255, '294', ''), (987, 1, '2014-01-31', 289, 'J20', '', 257, '296', ''), (988, 3, '2014-01-31', 822, 'L35', '', 296, '831', ''), (989, 1, '2014-01-31', 293, 'J17', '', 259, 'FMO', ''), (990, 1, '2014-01-31', 288, 'J18', '', 274, 'FMO', ''), (991, 3, '2014-01-31', 817, 'L23', '', 297, '834', ''), (992, 3, '2014-01-31', 819, 'L12', '', 299, '836', ''), (993, 3, '2014-01-31', 824, 'L17', '', 298, 'PQR', ''), (994, 3, '2014-01-31', 826, 'L13', '', 300, 'PQR', ''), (995, 1, '2014-01-31', 290, 'J22', '', 276, 'LUZ', ''), (996, 3, '2014-01-31', 828, 'L01', '', 302, 'ABR', ''), (997, 3, '2014-01-31', 830, 'L03', '', 304, 'PQR', ''), (998, 1, '2014-01-31', 292, 'G08', '', 278, 'LUZ', ''), (999, 1, '2014-01-31', 294, 'G09', '', 280, 'PRT', ''), (1000, 1, '2014-01-31', 296, 'J20', '', 282, 'PRT', ''), (1001, 1, '2014-01-31', 295, 'G07', '', 261, 'FMO', ''), (1002, 1, '2014-01-31', 297, 'Q24', '', 263, 'JUN', ''), (1003, 1, '2014-01-31', 299, 'G03', '', 265, 'JUN', ''), (1004, 3, '2014-01-31', 832, 'L05', '', 306, 'PQR', ''), (1005, 3, '2014-01-31', 834, 'L23', '', 308, 'LPA', ''), (1006, 3, '2014-01-31', 836, 'L12', '', 310, 'ABR', ''), (1007, 3, '2014-01-31', 821, 'L20', '', 301, 'SAN', ''), (1008, 3, '2014-01-31', 825, 'L04', '', 303, 'LUZ', ''), (1009, 3, '2014-01-31', 827, 'L22', '', 305, 'SCT', ''), (1010, 3, '2014-01-31', 829, 'L18', '', 307, 'SCT', ''), (1011, 3, '2014-01-31', 831, 'L35', '', 309, 'BAS', ''), (1012, 3, '2014-01-31', 821, 'L20', '', 301, 'LUZ', ''), (1013, 3, '2014-02-01', 501, 'L12', '', 3, 'Excluído', 'Excluído'), (1014, 3, '2014-02-01', 503, 'L23', '', 5, 'Excluído', 'Excluído'), (1015, 3, '2014-02-01', 505, 'L12', '', 13, 'Excluído', 'Excluído'), (1016, 3, '2014-02-01', 507, 'L23', '', 15, 'Excluído', 'Excluído'), (1017, 1, '2014-02-01', 18, 'J18', '', 14, 'Excluído', 'Excluído'), (1018, 1, '2014-02-01', 2, 'G09', '', 2, '005', ''), (1019, 1, '2014-02-01', 4, 'J19', '', 4, '007', ''), (1020, 3, '2014-02-01', 502, 'L11', '', 2, '519', ''), (1021, 3, '2014-02-01', 501, 'L13', '', 9, '508', ''), (1022, 3, '2014-02-01', 503, 'L01', '', 11, '512', ''), (1023, 1, '2014-02-01', 6, 'J15', '', 6, '011', ''), (1024, 1, '2014-02-01', 1, 'J22', '', 3, '024', ''), (1025, 1, '2014-02-01', 8, 'Q56', '', 8, '013', ''), (1026, 3, '2014-02-01', 505, 'L03', '', 13, '514', ''), (1027, 3, '2014-02-01', 507, 'L12', '', 15, '516', ''), (1028, 3, '2014-02-01', 509, 'L38', '', 17, '518', ''), (1029, 3, '2014-02-01', 504, 'L35', '', 314, '521', ''), (1030, 3, '2014-02-01', 511, 'L23', '', 19, '520', ''), (1031, 3, '2014-02-01', 513, 'L17', '', 21, '522', ''), (1032, 1, '2014-02-01', 10, 'G07', '', 10, '015', ''), (1033, 1, '2014-02-01', 12, 'G10', '', 12, '017', ''), (1034, 1, '2014-02-01', 3, 'G08', '', 5, '026', ''), (1035, 1, '2014-02-01', 5, 'G09', '', 7, '028', ''), (1036, 1, '2014-02-01', 7, 'J19', '', 9, '030', ''), (1037, 1, '2014-02-01', 9, 'J10', '', 11, '032', ''), (1038, 1, '2014-02-01', 14, 'G04', '', 14, '019', ''), (1039, 1, '2014-02-01', 16, 'G03', '', 18, '021', ''), (1040, 1, '2014-02-01', 18, 'J18', '', 20, '023', ''), (1041, 3, '2014-02-01', 506, 'L22', '', 316, '525', ''), (1042, 3, '2014-02-01', 508, 'L13', '', 318, '527', ''), (1043, 3, '2014-02-01', 510, 'L18', '', 320, '529', ''), (1044, 3, '2014-02-01', 512, 'L01', '', 322, '531', ''), (1045, 3, '2014-02-01', 515, 'L05', '', 23, '524', ''), (1046, 1, '2014-02-01', 11, 'J15', '', 13, '036', ''), (1047, 1, '2014-02-01', 20, 'Q24', '', 22, '025', ''), (1048, 1, '2014-02-01', 22, 'J17', '', 24, '027', ''), (1049, 3, '2014-02-01', 517, 'L04', '', 25, '526', ''), (1050, 3, '2014-02-01', 519, 'L11', '', 27, '528', ''), (1051, 3, '2014-02-01', 514, 'L03', '', 324, '533', ''), (1052, 3, '2014-02-01', 521, 'L35', '', 29, '532', 'REV LUZ 10H00 '), (1053, 1, '2014-02-01', 13, 'Q56', '', 15, '038', ''), (1054, 3, '2014-02-01', 516, 'L12', '', 326, '535', ''), (1055, 3, '2014-02-01', 523, 'L20', '', 31, '534', 'REV LUZ 10H00 '), (1056, 3, '2014-02-01', 525, 'L22', '', 33, '536', ''), (1057, 3, '2014-02-01', 527, 'L13', '', 35, '538', ''), (1058, 3, '2014-02-01', 520, 'L23', '', 330, '537', ''), (1059, 3, '2014-02-01', 518, 'L38', '', 328, '539', ''), (1060, 1, '2014-02-01', 15, 'G07', '', 17, '040', ''), (1061, 1, '2014-02-01', 17, 'G10', '', 19, '042', ''), (1062, 1, '2014-02-01', 19, 'G04', '', 21, '044', ''), (1063, 1, '2014-02-01', 24, 'J22', '', 26, '029', ''), (1064, 1, '2014-02-01', 26, 'G08', '', 28, '031', ''), (1065, 1, '2014-02-01', 28, 'G09', '', 30, '033', ''), (1066, 1, '2014-02-01', 30, 'J19', '', 32, '035', ''), (1067, 3, '2014-02-01', 522, 'L17', '', 332, '541', ''), (1068, 3, '2014-02-01', 524, 'L05', '', 334, '543', ''), (1069, 1, '2014-02-01', 21, 'G03', '', 23, '046', ''), (1070, 1, '2014-02-01', 23, 'J18', '', 25, '048', ''), (1071, 1, '2014-02-01', 32, 'J10', '', 34, '039', ''), (1072, 3, '2014-02-01', 529, 'L18', '', 37, '540', ''), (1073, 3, '2014-02-01', 531, 'L01', '', 39, '542', ''), (1074, 3, '2014-02-01', 526, 'L04', '', 336, '545', ''), (1075, 3, '2014-02-01', 528, 'L11', '', 338, '547', 'REV LUZ 10H00 '), (1076, 1, '2014-02-01', 25, 'Q24', '', 27, '050', ''), (1077, 1, '2014-02-01', 27, 'J17', '', 29, '052', ''), (1078, 1, '2014-02-01', 34, 'Q33', '', 36, '041', ''), (1079, 3, '2014-02-01', 533, 'L03', '', 41, '544', ''), (1080, 3, '2014-02-01', 535, 'L12', '', 43, '546', ''), (1081, 1, '2014-02-01', 36, 'J15', '', 38, '043', ''), (1082, 1, '2014-02-01', 43, 'J15', '', 43, 'LUZ', ''), (1083, 3, '2014-02-01', 537, 'L23', '', 45, '548', ''), (1084, 3, '2014-02-01', 539, 'L38', '', 47, '550', ''), (1085, 1, '2014-02-01', 29, 'J22', '', 31, '054', ''), (1086, 3, '2014-02-01', 530, 'L26', '', 340, '549', ''), (1087, 3, '2014-02-01', 532, 'L35', '', 342, '551', 'REV LUZ 10H00  '), (1088, 1, '2014-02-01', 38, 'Q56', '', 40, '045', ''), (1089, 1, '2014-02-01', 40, 'G07', '', 42, '047', ''), (1090, 1, '2014-02-01', 42, 'G10', '', 44, '049', ''), (1091, 3, '2014-02-01', 541, 'L17', '', 49, '552', ''), (1092, 3, '2014-02-01', 534, 'L20', '', 344, '553', 'REV LUZ 10H00  '), (1093, 3, '2014-02-01', 536, 'L22', '', 346, '555', ''), (1094, 3, '2014-02-01', 543, 'L05', '', 51, '556', ''), (1095, 3, '2014-02-01', 545, 'L04', '', 53, '558', ''), (1096, 3, '2014-02-01', 538, 'L13', '', 348, '557', ''), (1097, 3, '2014-02-01', 540, 'L18', '', 350, '559', ''), (1098, 1, '2014-02-01', 44, 'G04', '', 46, '051', ''), (1099, 1, '2014-02-01', 46, 'G03', '', 48, '053', ''), (1100, 1, '2014-02-01', 48, 'J18', '', 50, '055', ''), (1101, 3, '2014-02-01', 547, 'L11', '', 55, 'LUZ', 'REV LUZ 10H00  '), (1102, 3, '2014-02-01', 549, 'L26', '', 57, '562', ''), (1103, 1, '2014-02-01', 50, 'Q24', '', 52, '057', ''), (1104, 1, '2014-02-01', 31, 'G08', '', 33, '056', ''), (1105, 1, '2014-02-01', 33, 'G09', '', 35, '058', ''), (1106, 1, '2014-02-01', 35, 'J19', '', 37, '060', ''), (1107, 1, '2014-02-01', 39, 'J10', '', 39, '062', ''), (1108, 1, '2014-02-01', 41, 'Q33', '', 41, '064', ''), (1109, 1, '2014-02-01', 43, 'J15', '', 43, '066', ''), (1110, 1, '2014-02-01', 52, 'J17', '', 54, '059', ''), (1111, 1, '2014-02-01', 54, 'J22', '', 56, '061', ''), (1112, 3, '2014-02-01', 542, 'L01', '', 352, '561', ''), (1113, 3, '2014-02-01', 544, 'L03', '', 354, '563', ''), (1114, 3, '2014-02-01', 546, 'L12', '', 356, '565', ''), (1115, 3, '2014-02-01', 551, 'L35', '', 59, 'LUZ', 'REV LUZ 10H00   '), (1116, 3, '2014-02-01', 548, 'L23', '', 358, '567', 'CO-LUZ-CFTV+ANUNC-REC.APÓS RUSH. '), (1117, 3, '2014-02-01', 553, 'L20', '', 61, 'LUZ', 'REV LUZ 10H00   '), (1118, 3, '2014-02-01', 555, 'L22', '', 63, '566', ''), (1119, 3, '2014-02-01', 557, 'L13', '', 65, '570', ''), (1120, 1, '2014-02-01', 45, 'Q56', '', 45, '068', ''), (1121, 1, '2014-02-01', 47, 'G07', '', 47, '070', ''), (1122, 1, '2014-02-01', 49, 'G10', '', 49, '072', ''), (1123, 1, '2014-02-01', 51, 'G04', '', 51, '074', ''), (1124, 3, '2014-02-01', 550, 'L38', '', 360, '569', ''), (1125, 3, '2014-02-01', 552, 'L17', '', 362, '571', ''), (1126, 1, '2014-02-01', 62, 'J10', '', 64, '063', ''), (1127, 1, '2014-02-01', 56, 'G08', '', 58, '065', ''), (1128, 3, '2014-02-01', 559, 'L18', '', 67, '572', ''), (1129, 3, '2014-02-01', 561, 'L01', '', 69, '574', ''), (1130, 1, '2014-02-01', 53, 'G03', '', 53, '076', ''), (1131, 3, '2014-02-01', 554, 'L15', '', 364, '573', ''), (1132, 3, '2014-02-01', 556, 'L05', '', 366, '575', ''), (1133, 1, '2014-02-01', 58, 'G09', '', 60, '069', ''), (1134, 3, '2014-02-01', 563, 'L03', '', 71, '576', ''), (1135, 1, '2014-02-01', 60, 'J19', '', 62, '071', ''), (1136, 1, '2014-02-01', 64, 'Q33', '', 66, '073', ''), (1137, 3, '2014-02-01', 576, 'L03', '', 384, 'LUZ', ''), (1138, 3, '2014-02-01', 565, 'L12', '', 73, '576', ''), (1139, 1, '2014-02-01', 55, 'J18', '', 55, '078', ''), (1140, 1, '2014-02-01', 57, 'Q24', '', 57, '080', ''), (1141, 1, '2014-02-01', 59, 'J17', '', 59, '084', ''), (1142, 1, '2014-02-01', 66, 'J15', '', 68, '075', ''), (1143, 1, '2014-02-01', 68, 'Q56', '', 70, '077', ''), (1144, 3, '2014-02-01', 558, 'L04', '', 368, '577', ''), (1145, 3, '2014-02-01', 560, 'L29', '', 370, '579', ''), (1146, 3, '2014-02-01', 562, 'L26', '', 372, '581', ''), (1147, 3, '2014-02-01', 567, 'L23', '', 75, 'LUZ', 'CO-LUZ-CFTV+ANUNC-REC.APÓS RUSH.  '), (1148, 3, '2014-02-01', 569, 'L38', '', 77, '582', ''), (1149, 3, '2014-02-01', 571, 'L17', '', 79, '584', ''), (1150, 3, '2014-02-01', 564, 'L25', '', 374, '583', ''), (1151, 1, '2014-02-01', 61, 'J22', '', 61, '086', ''), (1152, 1, '2014-02-01', 63, 'J10', '', 63, '088', ''), (1153, 3, '2014-02-01', 574, 'L01', '', 382, '583', ''), (1154, 3, '2014-02-01', 573, 'L15', '', 81, '586', ''), (1155, 1, '2014-02-01', 71, 'J19', '', 69, '090', ''), (1156, 1, '2014-02-01', 70, 'G07', '', 72, '079', ''), (1157, 1, '2014-02-01', 72, 'G10', '', 74, '081', ''), (1158, 3, '2014-02-01', 575, 'L05', '', 83, '590', ''), (1159, 1, '2014-02-01', 74, 'G04', '', 76, '083', ''), (1160, 1, '2014-02-01', 76, 'G03', '', 78, '085', ''), (1161, 3, '2014-02-01', 566, 'L22', '', 376, '587', ''), (1162, 3, '2014-02-01', 570, 'L13', '', 378, '589', ''), (1163, 3, '2014-02-01', 572, 'L18', '', 380, '591', ''), (1164, 1, '2014-02-01', 78, 'J18', '', 80, '087', ''), (1165, 3, '2014-02-01', 577, 'L04', '', 85, '592', ''), (1166, 3, '2014-02-01', 579, 'L29', '', 87, '594', ''), (1167, 1, '2014-02-01', 80, 'Q24', '', 82, '089', ''), (1168, 1, '2014-02-01', 84, 'J17', '', 84, '091', ''), (1169, 1, '2014-02-01', 65, 'G08', '', 65, 'Excluído', 'Excluído'), (1170, 1, '2014-02-01', 69, 'G09', '', 67, '094', ''), (1171, 1, '2014-02-01', 73, 'Q33', '', 71, '096', ''), (1172, 1, '2014-02-01', 75, 'J15', '', 73, '098', ''), (1173, 3, '2014-02-01', 576, 'L12', '', 384, '593', ''), (1174, 3, '2014-02-01', 580, 'L03', '', 386, '595', ''), (1175, 3, '2014-02-01', 581, 'L26', '', 89, '596', ''), (1176, 3, '2014-02-01', 582, 'L38', '', 388, '599', ''), (1177, 1, '2014-02-01', 81, 'G10', '', 79, '098', 'Recolher Corretiva Indicador de destino avariado '), (1178, 3, '2014-02-01', 583, 'L01', '', 91, '600', ''), (1179, 1, '2014-02-01', 77, 'Q56', '', 75, 'JUN', ''), (1180, 3, '2014-02-01', 584, 'L17', '', 390, '603', ''), (1181, 1, '2014-02-01', 79, 'G07', '', 77, '106', ''), (1182, 1, '2014-02-01', 86, 'J22', '', 86, '093', ''), (1183, 1, '2014-02-01', 88, 'J10', '', 88, '095', ''), (1184, 1, '2014-02-01', 90, 'J19', '', 90, '097', ''), (1185, 1, '2014-02-01', 92, 'J11', '', 92, '099', ''), (1186, 3, '2014-02-01', 586, 'L15', '', 392, '605', ''), (1187, 3, '2014-02-01', 585, 'L25', '', 93, '602', ''), (1188, 1, '2014-02-01', 83, 'G04', '', 81, 'FMO', ''), (1189, 1, '2014-02-01', 85, 'G03', '', 83, '108', ''), (1190, 3, '2014-02-01', 587, 'L22', '', 95, '604', ''), (1191, 1, '2014-02-01', 94, 'G09', '', 94, '103', ''), (1192, 3, '2014-02-01', 590, 'L05', '', 394, '609', ''), (1193, 3, '2014-02-01', 589, 'L13', '', 97, '606', ''), (1194, 3, '2014-02-01', 591, 'L18', '', 99, '610', ''), (1195, 1, '2014-02-01', 87, 'J18', '', 85, '110', ''), (1196, 1, '2014-02-01', 89, 'Q24', '', 87, '112', ''), (1197, 1, '2014-02-01', 91, 'J17', '', 89, 'JUN', ''), (1198, 1, '2014-02-01', 96, 'Q33', '', 96, '105', ''), (1199, 1, '2014-02-01', 98, 'G10', '', 98, '107', 'Recolher Corretiva Indicador de destino avariado  '), (1200, 3, '2014-02-01', 592, 'L04', '', 396, '611', ''), (1201, 3, '2014-02-01', 594, 'L29', '', 398, '613', ''), (1202, 3, '2014-02-01', 595, 'L12', '', 101, '612', ''), (1203, 3, '2014-02-01', 599, 'L03', '', 103, '614', ''), (1204, 1, '2014-02-01', 93, 'J22', '', 91, 'FMO', ''), (1205, 3, '2014-02-01', 601, 'L38', '', 105, '616', ''), (1206, 3, '2014-02-01', 603, 'L17', '', 107, '620', ''), (1207, 1, '2014-02-01', 100, 'J15', '', 100, '109', ''), (1208, 1, '2014-02-01', 104, 'G08', '', 102, '111', ''), (1209, 3, '2014-02-01', 596, 'L26', '', 400, '615', ''), (1210, 3, '2014-02-01', 600, 'L01', '', 402, '619', ''), (1211, 1, '2014-02-01', 95, 'J10', '', 93, '116', ''), (1212, 1, '2014-02-01', 97, 'J19', '', 95, '118', ''), (1213, 3, '2014-02-01', 605, 'L15', '', 109, '622', ''), (1214, 1, '2014-02-01', 106, 'G07', '', 104, '113', ''), (1215, 1, '2014-02-01', 108, 'G03', '', 106, '117', ''), (1216, 1, '2014-02-01', 116, 'J10', '', 114, 'Excluído', 'Excluído'), (1217, 1, '2014-02-01', 118, 'J19', '', 116, 'Excluído', 'Excluído'), (1218, 3, '2014-02-01', 602, 'L25', '', 404, '621', 'após vazio BAS SEGUE PARA LUZ '), (1219, 3, '2014-02-01', 604, 'L22', '', 406, '623', ''), (1220, 3, '2014-02-01', 606, 'L13', '', 408, '625', ''), (1221, 1, '2014-02-01', 99, 'J11', '', 97, '124', ''), (1222, 1, '2014-02-01', 103, 'G09', '', 99, 'LUZ', ''), (1223, 3, '2014-02-01', 609, 'L05', '', 111, '624', ''), (1224, 3, '2014-02-01', 611, 'L04', '', 113, '626', ''), (1225, 1, '2014-02-01', 110, 'J18', '', 108, '119', ''), (1226, 1, '2014-02-01', 112, 'Q24', '', 110, '121', ''), (1227, 1, '2014-02-01', 114, 'G04', '', 112, '123', ''), (1228, 3, '2014-02-01', 613, 'L29', '', 115, '630', ''), (1229, 3, '2014-02-01', 614, 'L03', '', 414, '625', ''), (1230, 1, '2014-02-01', 105, 'Q33', '', 101, '130', ''), (1231, 1, '2014-02-01', 107, 'G10', '', 103, 'FMO', 'Recolher Corretiva Indicador de destino avariado   '), (1232, 3, '2014-02-01', 610, 'L18', '', 410, '629', ''), (1233, 3, '2014-02-01', 615, 'L26', '', 117, '632', ''), (1234, 3, '2014-02-01', 619, 'L01', '', 119, '634', ''), (1235, 3, '2014-02-01', 634, 'L01', '', 430, 'LUZ', ''), (1236, 3, '2014-02-01', 632, 'L26', '', 428, 'LUZ', ''), (1237, 3, '2014-02-01', 612, 'L12', '', 412, '633', ''), (1238, 1, '2014-02-01', 116, 'Q56', '', 114, '125', ''), (1239, 1, '2014-02-01', 118, 'J10', '', 116, '127', ''), (1240, 1, '2014-02-01', 120, 'J19', '', 118, '129', ''), (1241, 1, '2014-02-01', 122, 'G02', '', 120, '131', ''), (1242, 3, '2014-02-01', 621, 'L25', '', 121, 'LUZ', 'após vazio BAS SEGUE PARA LUZ  '), (1243, 1, '2014-02-01', 109, 'J15', '', 105, '136', ''), (1244, 1, '2014-02-01', 111, 'G08', '', 107, '138', ''), (1245, 3, '2014-02-01', 616, 'L38', '', 416, '635', ''), (1246, 3, '2014-02-01', 623, 'L22', '', 123, '636', ''), (1247, 1, '2014-02-01', 124, 'J11', '', 122, '133', ''), (1248, 1, '2014-02-01', 113, 'G07', '', 109, '142', ''), (1249, 1, '2014-02-01', 117, 'G03', '', 111, 'JUN', ''), (1250, 3, '2014-02-01', 620, 'L17', '', 418, '637', ''), (1251, 1, '2014-02-01', 126, 'J22', '', 124, '135', ''), (1252, 1, '2014-02-01', 119, 'J18', '', 113, '144', ''), (1253, 1, '2014-02-01', 121, 'Q24', '', 115, '146', ''), (1254, 3, '2014-02-01', 625, 'L03', '', 125, '642', ''), (1255, 3, '2014-02-01', 629, 'L13', '', 127, 'LUZ', 'RECOLHER CORRETIVA LUZ   '), (1256, 3, '2014-02-01', 630, 'L29', '', 426, '639', ''), (1257, 3, '2014-02-01', 622, 'L15', '', 420, '641', ''), (1258, 1, '2014-02-01', 123, 'G04', '', 117, '148', ''), (1259, 1, '2014-02-01', 125, 'Q56', '', 119, '150', ''), (1260, 3, '2014-02-01', 631, 'L18', '', 129, '644', ''), (1261, 1, '2014-02-01', 130, 'Q33', '', 126, '137', ''), (1262, 1, '2014-02-01', 134, 'J17', '', 128, '139', ''), (1263, 1, '2014-02-01', 136, 'J15', '', 130, '141', ''), (1264, 3, '2014-02-01', 624, 'L05', '', 422, '643', ''), (1265, 3, '2014-02-01', 626, 'L04', '', 424, '645', ''), (1266, 3, '2014-02-01', 633, 'L12', '', 131, '646', ''), (1267, 1, '2014-02-01', 138, 'G08', '', 132, '143', ''), (1268, 1, '2014-02-01', 127, 'J10', '', 121, '152', ''), (1269, 1, '2014-02-01', 129, 'J19', '', 123, '154', ''), (1270, 1, '2014-02-01', 140, 'G09', '', 134, '147', ''), (1271, 3, '2014-02-01', 635, 'L38', '', 133, '648', ''), (1272, 1, '2014-02-01', 142, 'G07', '', 136, '149', ''), (1273, 1, '2014-02-01', 133, 'J11', '', 127, '156', ''), (1274, 1, '2014-02-01', 135, 'J22', '', 129, '158', ''), (1275, 1, '2014-02-01', 144, 'J18', '', 138, '151', ''), (1276, 1, '2014-02-01', 146, 'Q24', '', 140, '153', ''), (1277, 3, '2014-02-01', 637, 'L17', '', 135, '650', ''), (1278, 3, '2014-02-01', 639, 'L29', '', 137, '652', ''), (1279, 1, '2014-02-01', 137, 'Q33', '', 131, 'FMO', ''), (1280, 3, '2014-02-01', 632, 'L01', '', 428, '651', ''), (1281, 3, '2014-02-01', 634, 'L26', '', 430, '653', ''), (1282, 3, '2014-02-01', 636, 'L22', '', 432, '655', ''), (1283, 3, '2014-02-01', 640, 'L34', '', 434, '659', ''), (1284, 1, '2014-02-01', 139, 'J17', '', 133, '164', ''), (1285, 1, '2014-02-01', 148, 'G04', '', 142, '157', ''), (1286, 1, '2014-02-01', 150, 'Q56', '', 144, '159', ''), (1287, 1, '2014-02-01', 152, 'J10', '', 146, '161', ''), (1288, 3, '2014-02-01', 642, 'L03', '', 436, '661', ''), (1289, 3, '2014-02-01', 641, 'L15', '', 139, '656', ''), (1290, 3, '2014-02-01', 643, 'L05', '', 141, '658', ''), (1291, 3, '2014-02-01', 645, 'L04', '', 143, '662', ''), (1292, 1, '2014-02-01', 141, 'J15', '', 135, '166', ''), (1293, 1, '2014-02-01', 131, 'G02', '', 125, '168', ''), (1294, 3, '2014-02-01', 644, 'L18', '', 438, '663', ''), (1295, 3, '2014-02-01', 646, 'L12', '', 440, '665', ''), (1296, 3, '2014-02-01', 644, 'L18', '', 438, '667', ''), (1297, 1, '2014-02-01', 154, 'J19', '', 148, '163', ''), (1298, 1, '2014-02-01', 156, 'J11', '', 150, '165', ''), (1299, 1, '2014-02-01', 147, 'G09', '', 139, '174', ''), (1300, 1, '2014-02-01', 149, 'G07', '', 141, '176', ''), (1301, 3, '2014-02-01', 651, 'L01', '', 145, '664', ''), (1302, 3, '2014-02-01', 653, 'L26', '', 147, '666', ''), (1303, 3, '2014-02-01', 655, 'L22', '', 149, '668', ''), (1304, 3, '2014-02-01', 659, 'L34', '', 151, '670', ''), (1305, 3, '2014-02-01', 667, 'L18', '', 159, 'Excluído', 'Excluído'), (1306, 3, '2014-02-01', 648, 'L38', '', 442, '667', ''), (1307, 3, '2014-02-01', 650, 'L17', '', 444, '669', ''), (1308, 3, '2014-02-01', 652, 'L29', '', 446, '671', ''), (1309, 3, '2014-02-01', 654, 'L23', '', 448, '673', ''), (1310, 1, '2014-02-01', 158, 'J22', '', 152, '169', ''), (1311, 1, '2014-02-01', 160, 'G03', '', 154, '173', ''), (1312, 1, '2014-02-01', 164, 'J17', '', 156, '175', ''), (1313, 1, '2014-02-01', 151, 'J18', '', 143, '178', ''), (1314, 1, '2014-02-01', 155, 'Q24', '', 145, '180', ''), (1315, 1, '2014-02-01', 157, 'G04', '', 147, '182', ''), (1316, 1, '2014-02-01', 159, 'Q56', '', 149, '184', ''), (1317, 3, '2014-02-01', 656, 'L15', '', 450, '675', ''), (1318, 1, '2014-02-01', 166, 'J15', '', 158, '177', ''), (1319, 1, '2014-02-01', 145, 'G08', '', 137, '186', ''), (1320, 1, '2014-02-01', 172, 'G02', '', 160, '179', ''), (1321, 1, '2014-02-01', 174, 'G09', '', 162, '179', ''), (1322, 3, '2014-02-01', 658, 'L05', '', 452, '677', ''), (1323, 3, '2014-02-01', 662, 'L04', '', 454, '679', ''), (1324, 1, '2014-02-01', 161, 'J10', '', 151, 'FMO', ''), (1325, 1, '2014-02-01', 163, 'J19', '', 153, '188', ''), (1326, 1, '2014-02-01', 181, 'G02', '', 167, 'LUZ', ''), (1327, 3, '2014-02-01', 661, 'L03', '', 153, '672', ''), (1328, 3, '2014-02-01', 663, 'L18', '', 155, '674', ''), (1329, 3, '2014-02-01', 665, 'L12', '', 159, '676', ''), (1330, 3, '2014-02-01', 667, 'L38', '', 161, '678', ''), (1331, 1, '2014-02-01', 165, 'J11', '', 155, '190', ''), (1332, 1, '2014-02-01', 176, 'G07', '', 164, '181', ''), (1333, 1, '2014-02-01', 169, 'J22', '', 157, '192', ''), (1334, 3, '2014-02-01', 669, 'L17', '', 163, '680', ''), (1335, 3, '2014-02-01', 664, 'L01', '', 456, '683', ''), (1336, 3, '2014-02-01', 666, 'L26', '', 458, '685', ''), (1337, 1, '2014-02-01', 178, 'J18', '', 166, '185', ''), (1338, 1, '2014-02-01', 180, 'Q24', '', 168, '187', ''), (1339, 3, '2014-02-01', 664, 'L01', '', 456, '687', ''), (1340, 3, '2014-02-01', 668, 'L22', '', 460, '689', ''), (1341, 3, '2014-02-01', 670, 'L34', '', 462, '689', ''), (1342, 1, '2014-02-01', 182, 'G04', '', 170, '189', ''), (1343, 3, '2014-02-01', 671, 'L29', '', 165, '682', ''), (1344, 3, '2014-02-01', 673, 'L23', '', 167, '688', ''), (1345, 1, '2014-02-01', 184, 'Q56', '', 172, '191', ''), (1346, 1, '2014-02-01', 175, 'J17', '', 161, '198', ''), (1347, 1, '2014-02-01', 177, 'J15', '', 163, '200', ''), (1348, 1, '2014-02-01', 186, 'G08', '', 174, '193', ''), (1349, 3, '2014-02-01', 675, 'L15', '', 169, '692', ''), (1350, 3, '2014-02-01', 677, 'L05', '', 171, '694', ''), (1351, 3, '2014-02-01', 681, 'L04', '', 173, '696', ''), (1352, 3, '2014-02-01', 672, 'L03', '', 464, '691', ''), (1353, 3, '2014-02-01', 672, 'L03', '', 464, '693', ''), (1354, 3, '2014-02-01', 674, 'L18', '', 466, '693', ''), (1355, 3, '2014-02-01', 676, 'L12', '', 468, 'MAU', ''), (1356, 1, '2014-02-01', 188, 'J19', '', 176, '195', ''), (1357, 1, '2014-02-01', 190, 'J11', '', 178, '197', ''), (1358, 1, '2014-02-01', 179, 'G09', '', 165, '202', ''), (1359, 1, '2014-02-01', 181, 'G07', '', 167, '204', ''), (1360, 1, '2014-02-01', 0, 'XX', '', 194, 'RPI', ''), (1361, 3, '2014-02-01', 683, 'L26', '', 177, '698', ''), (1362, 3, '2014-02-01', 685, 'L01', '', 179, '702', ''), (1363, 3, '2014-02-01', 678, 'L38', '', 470, '697', ''), (1364, 3, '2014-02-01', 680, 'L17', '', 472, '699', ''), (1365, 3, '2014-02-01', 686, 'L29', '', 474, '701', ''), (1366, 3, '2014-02-01', 688, 'L23', '', 476, '701', ''), (1367, 3, '2014-02-01', 690, 'L11', '', 478, '701', ''), (1368, 1, '2014-02-01', 183, 'J20', '', 169, '206', ''), (1369, 1, '2014-02-01', 185, 'J18', '', 171, '208', ''), (1370, 1, '2014-02-01', 192, 'J22', '', 180, '199', ''), (1371, 3, '2014-02-01', 687, 'L22', '', 181, '700', ''), (1372, 1, '2014-02-01', 194, 'G10', '', 182, '201', ''), (1373, 3, '2014-02-01', 689, 'L34', '', 183, '700', ''), (1374, 1, '2014-02-01', 173, 'G03', '', 159, '210', ''), (1375, 1, '2014-02-01', 187, 'Q24', '', 173, 'FMO', ''), (1376, 1, '2014-02-01', 196, 'Q33', '', 184, '203', ''), (1377, 1, '2014-02-01', 198, 'J17', '', 186, '205', ''), (1378, 3, '2014-02-01', 705, 'L29', '', 197, 'LUZ', ''), (1379, 1, '2014-02-01', 189, 'G04', '', 175, '212', ''), (1380, 1, '2014-02-01', 202, 'G09', '', 190, '207', ''), (1381, 1, '2014-02-01', 197, 'J11', '', 183, '218', ''), (1382, 1, '2014-02-01', 199, 'J22', '', 185, '220', ''), (1383, 1, '2014-02-01', 204, 'G07', '', 192, '209', ''), (1384, 1, '2014-02-01', 220, 'J22', '', 206, '199', ''), (1385, 1, '2014-02-01', 193, 'G08', '', 179, 'FMO', ''), (1386, 1, '2014-02-01', 195, 'J19', '', 181, '220', ''), (1387, 1, '2014-02-01', 200, 'J15', '', 188, '209', ''), (1388, 3, '2014-02-01', 692, 'L15', '', 480, '711', ''), (1389, 1, '2014-02-01', 199, 'J22', '', 183, '222', ''), (1390, 3, '2014-02-01', 691, 'L03', '', 187, '708', ''), (1391, 3, '2014-02-01', 694, 'L05', '', 482, '713', ''), (1392, 3, '2014-02-01', 693, 'L18', '', 189, '710', ''), (1393, 3, '2014-02-01', 696, 'L04', '', 484, '715', ''), (1394, 3, '2014-02-01', 695, 'L12', '', 191, '712', ''), (1395, 3, '2014-02-01', 698, 'L26', '', 486, '717', ''), (1396, 3, '2014-02-01', 697, 'L38', '', 193, '714', ''), (1397, 1, '2014-02-01', 0, 'ELJ', '', 194, 'LUZ', ''), (1398, 1, '2014-02-01', 206, 'J20', '', 196, '213', ''), (1399, 1, '2014-02-01', 208, 'J18', '', 198, '215', ''), (1400, 3, '2014-02-01', 699, 'L17', '', 195, '720', ''), (1401, 1, '2014-02-01', 203, 'Q33', '', 191, '224', ''), (1402, 1, '2014-02-01', 210, 'G03', '', 200, '217', ''), (1403, 1, '2014-02-01', 205, 'J17', '', 193, '226', ''), (1404, 1, '2014-02-01', 201, 'G10', '', 189, '228', 'Ind. de Destino. RECOLHER QUANDO POSSÍVEL '), (1405, 1, '2014-02-01', 191, 'Q56', '', 177, '232', ''), (1406, 1, '2014-02-01', 207, 'G09', '', 195, 'FMO', ''), (1407, 1, '2014-02-01', 216, 'G04', '', 202, '219', ''), (1408, 3, '2014-02-01', 707, 'L23', '', 199, '722', ''), (1409, 3, '2014-02-01', 709, 'L11', '', 201, '724', ''), (1410, 3, '2014-02-01', 711, 'L15', '', 203, '726', ''), (1411, 3, '2014-02-01', 702, 'L01', '', 488, '719', ''), (1412, 3, '2014-02-01', 704, 'L22', '', 490, '721', ''), (1413, 3, '2014-02-01', 706, 'L34', '', 492, '723', ''), (1414, 3, '2014-02-01', 708, 'L03', '', 494, '725', ''), (1415, 3, '2014-02-01', 710, 'L18', '', 496, '727', ''), (1416, 3, '2014-02-01', 712, 'L12', '', 498, '729', ''), (1417, 3, '2014-02-01', 714, 'L38', '', 500, '731', ''), (1418, 1, '2014-02-01', 218, 'J11', '', 204, '221', ''), (1419, 1, '2014-02-01', 209, 'J15', '', 197, '230', ''), (1420, 1, '2014-02-01', 211, 'G07', '', 199, '232', ''), (1421, 1, '2014-02-01', 220, 'J19', '', 206, '223', ''), (1422, 1, '2014-02-01', 223, 'J19', '', 211, 'PRT', ''), (1423, 1, '2014-02-01', 222, 'J22', '', 208, '223', ''), (1424, 1, '2014-02-01', 224, 'Q33', '', 210, '225', ''), (1425, 1, '2014-02-01', 226, 'J17', '', 212, '227', ''), (1426, 3, '2014-02-01', 717, 'L26', '', 209, 'LUZ', ''), (1427, 3, '2014-02-01', 713, 'L05', '', 205, '730', ''), (1428, 1, '2014-02-01', 215, 'J18', '', 203, '236', ''), (1429, 3, '2014-02-01', 715, 'L04', '', 207, '734', ''), (1430, 1, '2014-02-01', 217, 'G03', '', 205, '238', ''), (1431, 1, '2014-02-01', 228, 'G10', '', 214, '229', 'Ind. de Destino. RECOLHER QUANDO POSSÍVEL  '), (1432, 3, '2014-02-01', 720, 'L17', '', 502, '735', ''), (1433, 1, '2014-02-01', 230, 'J15', '', 216, '231', ''), (1434, 1, '2014-02-01', 213, 'J20', '', 201, 'FMO', ''), (1435, 1, '2014-02-01', 232, 'J16', '', 220, 'LPA', ''), (1436, 1, '2014-02-01', 221, 'J11', '', 209, '242', ''), (1437, 3, '2014-02-01', 721, 'L01', '', 211, '736', ''), (1438, 1, '2014-02-01', 232, 'G07', '', 218, '233', ''), (1439, 3, '2014-02-01', 723, 'L22', '', 213, '740', ''), (1440, 3, '2014-02-01', 725, 'L34', '', 215, 'LUZ', 'Corretiva  '), (1441, 3, '2014-02-01', 727, 'L03', '', 217, '742', ''), (1442, 1, '2014-02-01', 223, 'J22', '', 211, '244', ''), (1443, 1, '2014-02-01', 234, 'Q56', '', 222, '235', ''), (1444, 1, '2014-02-01', 219, 'G04', '', 207, '246', ''), (1445, 3, '2014-02-01', 729, 'L18', '', 219, '744', ''), (1446, 3, '2014-02-01', 722, 'L23', '', 504, '741', ''), (1447, 3, '2014-02-01', 724, 'L11', '', 506, '743', ''), (1448, 3, '2014-02-01', 726, 'L15', '', 508, '745', ''), (1449, 3, '2014-02-01', 730, 'L35', '', 510, '749', ''), (1450, 3, '2014-02-01', 732, 'L05', '', 512, '751', ''), (1451, 1, '2014-02-01', 236, 'J18', '', 224, '237', ''), (1452, 1, '2014-02-01', 227, 'J17', '', 215, '248', ''), (1453, 1, '2014-02-01', 229, 'G10', '', 217, '250', 'Ind. de Destino. RECOLHER QUANDO POSSÍVEL   '), (1454, 3, '2014-02-01', 734, 'L04', '', 514, '753', ''), (1455, 1, '2014-02-01', 238, 'G03', '', 226, '239', ''), (1456, 1, '2014-02-01', 240, 'Q24', '', 228, '241', ''), (1457, 3, '2014-02-01', 731, 'L12', '', 221, '746', ''), (1458, 3, '2014-02-01', 733, 'L38', '', 223, '748', ''), (1459, 3, '2014-02-01', 736, 'L01', '', 516, '755', ''), (1460, 1, '2014-02-01', 225, 'Q33', '', 213, '252', ''), (1461, 1, '2014-02-01', 242, 'J11', '', 230, '243', ''), (1462, 3, '2014-02-01', 740, 'L22', '', 518, '757', ''), (1463, 3, '2014-02-01', 744, 'L18', '', 522, 'SCT', ''), (1464, 3, '2014-02-01', 739, 'L17', '', 225, '752', ''), (1465, 3, '2014-02-01', 741, 'L23', '', 227, '754', ''), (1466, 3, '2014-02-01', 743, 'L11', '', 229, '758', ''), (1467, 1, '2014-02-01', 233, 'G07', '', 221, '254', ''), (1468, 1, '2014-02-01', 244, 'J22', '', 232, '245', ''), (1469, 1, '2014-02-01', 246, 'G04', '', 234, '247', ''), (1470, 1, '2014-02-01', 235, 'Q56', '', 223, '256', ''), (1471, 3, '2014-02-01', 745, 'L15', '', 231, '760', ''), (1472, 1, '2014-02-01', 248, 'J17', '', 236, '249', ''), (1473, 1, '2014-02-01', 231, 'J15', '', 219, '260', ''), (1474, 1, '2014-02-01', 237, 'J18', '', 225, '258', ''), (1475, 1, '2014-02-01', 250, 'G10', '', 238, '251', 'Ind. de Destino. RECOLHER QUANDO POSSÍVEL    '), (1476, 1, '2014-02-01', 252, 'Q33', '', 240, '253', ''), (1477, 1, '2014-02-01', 241, 'Q24', '', 229, '262', ''), (1478, 3, '2014-02-01', 749, 'L35', '', 233, '762', ''), (1479, 3, '2014-02-01', 751, 'L05', '', 235, '764', ''), (1480, 3, '2014-02-01', 742, 'L03', '', 520, '759', ''), (1481, 3, '2014-02-01', 757, 'L22', '', 241, 'SAN', ''), (1482, 3, '2014-02-01', 746, 'L12', '', 524, '759', ''), (1483, 3, '2014-02-01', 748, 'L38', '', 526, '761', ''), (1484, 3, '2014-02-01', 752, 'L17', '', 528, '763', ''), (1485, 3, '2014-02-01', 754, 'L23', '', 530, '765', ''), (1486, 3, '2014-02-01', 758, 'L11', '', 532, '767', ''), (1487, 1, '2014-02-01', 200, 'J10', '', 252, 'LPA', ''), (1488, 1, '2014-02-01', 254, 'G07', '', 242, '255', ''), (1489, 3, '2014-02-01', 753, 'L04', '', 237, '766', ''), (1490, 3, '2014-02-01', 755, 'L01', '', 239, '768', ''), (1491, 1, '2014-02-01', 256, 'Q56', '', 244, '257', ''), (1492, 1, '2014-02-01', 239, 'G03', '', 227, '264', ''), (1493, 3, '2014-02-01', 760, 'L15', '', 534, '769', ''), (1494, 1, '2014-02-01', 258, 'J18', '', 246, '259', ''), (1495, 1, '2014-02-01', 245, 'J22', '', 233, '266', ''), (1496, 3, '2014-02-01', 757, 'L03', '', 243, '770', ''), (1497, 3, '2014-02-01', 759, 'L12', '', 245, '772', ''), (1498, 1, '2014-02-01', 247, 'G04', '', 235, '268', ''), (1499, 1, '2014-02-01', 260, 'J15', '', 248, '261', ''), (1500, 1, '2014-02-01', 251, 'G10', '', 239, '270', 'Ind. de Destino. RECOLHER QUANDO POSSÍVEL     '), (1501, 1, '2014-02-01', 243, 'J11', '', 231, 'JUN', ''), (1502, 1, '2014-02-01', 262, 'Q24', '', 250, '263', ''), (1503, 1, '2014-02-01', 253, 'Q33', '', 241, '272', ''), (1504, 1, '2014-02-01', 249, 'J17', '', 237, '274', ''), (1505, 1, '2014-02-01', 264, 'G03', '', 252, '265', ''), (1506, 1, '2014-02-01', 257, 'Q56', '', 245, '276', ''), (1507, 1, '2014-02-01', 259, 'J18', '', 247, '278', ''), (1508, 3, '2014-02-01', 761, 'L38', '', 247, '774', ''), (1509, 3, '2014-02-01', 763, 'L17', '', 249, '776', ''), (1510, 3, '2014-02-01', 765, 'L23', '', 251, '778', ''), (1511, 1, '2014-02-01', 266, 'J22', '', 254, '267', ''), (1512, 3, '2014-02-01', 762, 'L35', '', 536, '771', ''), (1513, 3, '2014-02-01', 764, 'L05', '', 538, '773', ''), (1514, 3, '2014-02-01', 766, 'L04', '', 540, '775', ''), (1515, 3, '2014-02-01', 768, 'L01', '', 542, '777', ''), (1516, 3, '2014-02-01', 770, 'L03', '', 544, '779', ''), (1517, 1, '2014-02-01', 268, 'G04', '', 256, '269', ''), (1518, 1, '2014-02-01', 255, 'G07', '', 243, '280', ''), (1519, 1, '2014-02-01', 270, 'G10', '', 258, 'LPA', 'Ind. de Destino. RECOLHER QUANDO POSSÍVEL      '), (1520, 3, '2014-02-01', 767, 'L11', '', 253, '780', ''), (1521, 3, '2014-02-01', 769, 'L15', '', 255, '782', ''), (1522, 3, '2014-02-01', 771, 'L35', '', 257, '784', ''), (1523, 3, '2014-02-01', 773, 'L05', '', 259, 'MOC', ''), (1524, 3, '2014-02-01', 772, 'L12', '', 546, '781', ''), (1525, 3, '2014-02-01', 774, 'L38', '', 548, '783', ''), (1526, 1, '2014-02-01', 272, 'Q33', '', 260, '271', ''), (1527, 3, '2014-02-01', 776, 'L17', '', 550, '785', ''), (1528, 1, '2014-02-01', 274, 'J17', '', 262, '277', ''), (1529, 1, '2014-02-01', 263, 'Q24', '', 251, '282', ''), (1530, 3, '2014-02-01', 775, 'L04', '', 261, '788', ''), (1531, 1, '2014-02-01', 276, 'Q56', '', 264, '279', ''), (1532, 1, '2014-02-01', 265, 'G03', '', 253, '288', ''), (1533, 1, '2014-02-01', 278, 'J18', '', 266, '281', ''), (1534, 1, '2014-02-01', 261, 'J15', '', 249, '292', ''), (1535, 3, '2014-02-01', 777, 'L01', '', 263, '790', ''), (1536, 3, '2014-02-01', 779, 'L03', '', 265, '792', ''), (1537, 1, '2014-02-01', 280, 'G07', '', 268, '285', ''), (1538, 3, '2014-02-01', 778, 'L23', '', 552, 'BAS', ''), (1539, 3, '2014-02-01', 780, 'L11', '', 554, 'BAS', ''), (1540, 1, '2014-02-01', 282, 'Q24', '', 270, '287', ''), (1541, 1, '2014-02-01', 269, 'G04', '', 257, 'PRT', ''), (1542, 3, '2014-02-01', 782, 'L15', '', 556, 'SAN', ''), (1543, 3, '2014-02-01', 784, 'L35', '', 558, 'SAN', ''), (1544, 3, '2014-02-01', 781, 'L12', '', 267, '794', ''), (1545, 3, '2014-02-01', 783, 'L38', '', 269, '796', ''), (1546, 3, '2014-02-01', 787, 'L17', '', 271, '798', ''), (1547, 1, '2014-02-01', 271, 'Q33', '', 259, 'PRT', ''), (1548, 1, '2014-02-01', 267, 'J22', '', 255, 'JUN', ''), (1549, 3, '2014-02-01', 786, 'L36', '', 560, 'SAN', ''), (1550, 1, '2014-02-01', 286, 'G03', '', 272, '289', ''), (1551, 3, '2014-02-01', 788, 'L04', '', 562, 'SCT', ''), (1552, 1, '2014-02-01', 279, 'Q56', '', 263, 'PRT', ''), (1553, 3, '2014-02-01', 790, 'L01', '', 564, 'SCT', ''), (1554, 1, '2014-02-01', 292, 'J15', '', 274, 'LPA', '');
/*!40000 ALTER TABLE `historico` ENABLE KEYS */;


# Dumping structure for table scv.linha
CREATE TABLE IF NOT EXISTS `linha` (
  `codigo` int(2) unsigned NOT NULL,
  `linha` varchar(50) NOT NULL,
  `atualizacao` int(11) unsigned NOT NULL DEFAULT '0',
  `sentido_cima` varchar(50) NOT NULL DEFAULT 'Direita',
  `prefixo_cima` varchar(50) NOT NULL DEFAULT 'Impar',
  `pasta` varchar(1000) DEFAULT NULL,
  `robo` varchar(3) NOT NULL DEFAULT 'não',
  PRIMARY KEY (`codigo`)
) ENGINE=InnoDB DEFAULT CHARSET=latin1;

# Dumping data for table scv.linha: 3 rows
/*!40000 ALTER TABLE `linha` DISABLE KEYS */;
INSERT INTO `linha` (`codigo`, `linha`, `atualizacao`, `sentido_cima`, `prefixo_cima`, `pasta`, `robo`) VALUES (1, '7', 0, 'Direita', 'Impar', 'C:\\Users\\Robinson\\Dropbox\\SCV v.030 2008 em mysql\\Sistema de Controle de Viagens\\Sistema de Controle de Viagens\\bin\\Debug\\registros', 'sim'), (2, '7ex', 0, 'Direita', 'Impar', 'C:\\Users\\Robinson\\Dropbox\\SCV v.030 2008 em mysql\\Sistema de Controle de Viagens\\Sistema de Controle de Viagens\\bin\\Debug\\registros', 'não'), (3, '10', 0, 'Direita', 'Impar', 'C:\\Users\\Robinson\\Dropbox\\SCV v.030 2008 em mysql\\Sistema de Controle de Viagens\\Sistema de Controle de Viagens\\bin\\Debug\\registros', 'não');
/*!40000 ALTER TABLE `linha` ENABLE KEYS */;


# Dumping structure for table scv.locais
CREATE TABLE IF NOT EXISTS `locais` (
  `codigo` int(11) unsigned NOT NULL AUTO_INCREMENT,
  `local` varchar(50) NOT NULL,
  PRIMARY KEY (`codigo`)
) ENGINE=InnoDB AUTO_INCREMENT=31 DEFAULT CHARSET=latin1;

# Dumping data for table scv.locais: 30 rows
/*!40000 ALTER TABLE `locais` DISABLE KEYS */;
INSERT INTO `locais` (`codigo`, `local`) VALUES (1, 'LUZ'), (2, 'BFU'), (3, 'ABR'), (4, 'LPA'), (5, 'PQR'), (6, 'PRT'), (7, 'VCL'), (8, 'JRG'), (9, 'VAU'), (10, 'PRU'), (11, 'CAI'), (12, 'FDR'), (13, 'FMO'), (14, 'BTJ'), (15, 'CLP'), (16, 'VPL'), (17, 'JUN'), (18, 'BAS'), (19, 'MOC'), (20, 'IPG'), (21, 'TMD'), (22, 'SCT'), (23, 'UTG'), (24, 'PSA'), (25, 'SAN'), (26, 'CPV'), (27, 'MAU'), (28, 'GPT'), (29, 'RPI'), (30, 'RGS');
/*!40000 ALTER TABLE `locais` ENABLE KEYS */;


# Dumping structure for table scv.locais_vira
CREATE TABLE IF NOT EXISTS `locais_vira` (
  `codigo` int(10) unsigned NOT NULL AUTO_INCREMENT,
  `codigo_linha` int(2) unsigned NOT NULL,
  `local_vira` varchar(50) NOT NULL,
  `sequencia_local_vira` int(2) unsigned DEFAULT NULL,
  `tela` varchar(50) NOT NULL,
  PRIMARY KEY (`codigo`)
) ENGINE=InnoDB DEFAULT CHARSET=latin1;

# Dumping data for table scv.locais_vira: 0 rows
/*!40000 ALTER TABLE `locais_vira` DISABLE KEYS */;
/*!40000 ALTER TABLE `locais_vira` ENABLE KEYS */;


# Dumping structure for table scv.logs
CREATE TABLE IF NOT EXISTS `logs` (
  `codigo` int(10) unsigned NOT NULL AUTO_INCREMENT,
  `log` varchar(1000) NOT NULL,
  `data` date NOT NULL,
  PRIMARY KEY (`codigo`)
) ENGINE=InnoDB AUTO_INCREMENT=40 DEFAULT CHARSET=latin1;

# Dumping data for table scv.logs: 26 rows
/*!40000 ALTER TABLE `logs` DISABLE KEYS */;
INSERT INTO `logs` (`codigo`, `log`, `data`) VALUES (14, 'CCT Iinsert into trens values (2, -G14-, 1, null, null) - Duplicate entry -G14- for key -PRIMARY-', '2014-01-30'), (15, 'CCT IIselect mensagem from trens where trem = -l1-- - You have an error in your SQL syntax; check the manual that corresponds to your MySQL server version for the right syntax to use near --l1--- at line 1', '2014-01-30'), (16, 'CCT IIUpdate Trens Set Trens.Local = -13-, trens.observacao = --, Trens.mensagem = --, where Trem = -J19- - You have an error in your SQL syntax; check the manual that corresponds to your MySQL server version for the right syntax to use near -where Trem = -J19-- at line 1', '2014-01-30'), (17, 'CCT IISelect atualizacao from linha where codigo = 1 - The connection is already open.', '2014-01-30'), (18, 'Err CCT II timer - Object reference not set to an instance of an object.', '2014-01-30'), (19, 'CCT IIINSERT INTO Andamento (Linha, Data, Prefixo, Id, Maquinista, Sequencia, Destino_Diferente) Values (-1-, -2014-01-31 00:00:00-, -002-, -M06-, -- ,2, -NÃO-) - Duplicate entry -M06- for key -PRIMARY-', '2014-01-31'), (20, 'CCT IIselect mensagem from trens where trem = -G10- - The connection is already open.', '2014-01-31'), (21, 'CCT IISelect atualizacao from linha where codigo = 1 - The connection is already open.', '2014-01-31'), (22, 'Err CCT II timer - Object reference not set to an instance of an object.', '2014-01-31'), (23, 'CCT IIINSERT INTO Andamento (Linha, Data, Prefixo, Id, Maquinista, Sequencia, Destino_Diferente) Values (-1-, -2014-01-31 00:00:00-, -060-, -G10-, -- ,64, -NÃO-) - Duplicate entry -G10- for key -PRIMARY-', '2014-01-31'), (24, 'CCT IIINSERT INTO Andamento (Linha, Data, Prefixo, Id, Maquinista, Sequencia, Destino_Diferente) Values (-1-, -2014-01-31 00:00:00-, -173-, -J10-, -- ,151, -NÃO-) - Duplicate entry -J10- for key -PRIMARY-', '2014-01-31'), (25, 'CCT IISelect atualizacao from linha where codigo = 1 - The connection is already open.', '2014-02-01'), (26, 'Err CCT II timer - Object reference not set to an instance of an object.', '2014-02-01'), (27, 'CCT IIUpdate Trens Set Trens.Local = -4-, trens.observacao = --, Trens.mensagem = --, where Trem = -J10- - You have an error in your SQL syntax; check the manual that corresponds to your MySQL server version for the right syntax to use near -where Trem = -J10-- at line 1', '2014-02-01'), (28, 'CCT IIUpdate Trens Set Trens.Local = -4-, trens.observacao = --, Trens.mensagem = --, where Trem = -J10- - You have an error in your SQL syntax; check the manual that corresponds to your MySQL server version for the right syntax to use near -where Trem = -J10-- at line 1', '2014-02-01'), (29, 'Err CCT II  drag drop - Object reference not set to an instance of an object.', '2014-02-01'), (30, 'CCT IISelect atualizacao from linha where codigo = 1 - The connection is already open.', '2014-02-01'), (31, 'Err CCT II timer - Object reference not set to an instance of an object.', '2014-02-01'), (32, 'CCT IIUpdate Trens Set Trens.Local = -4-, trens.observacao = --, Trens.mensagem = --, where Trem = -J16- - You have an error in your SQL syntax; check the manual that corresponds to your MySQL server version for the right syntax to use near -where Trem = -J16-- at line 1', '2014-02-01'), (33, 'CCT IIUpdate Trens Set Trens.Local = -4-, trens.observacao = -1-, Trens.mensagem = --, where Trem = -J16- - You have an error in your SQL syntax; check the manual that corresponds to your MySQL server version for the right syntax to use near -where Trem = -J16-- at line 1', '2014-02-01'), (34, 'CCT IISelect atualizacao from linha where codigo = 1 - The connection is already open.', '2014-02-01'), (35, 'Err CCT II timer - Referência de objeto não definida para uma instância de um objeto.', '2014-02-01'), (36, 'CCT IISelect atualizacao from linha where codigo = 1 - The connection is already open.', '2014-02-01'), (37, 'Err CCT II timer - Referência de objeto não definida para uma instância de um objeto.', '2014-02-01'), (38, 'CCT IISelect atualizacao from linha where codigo = 1 - The connection is already open.', '2014-02-01'), (39, 'Err CCT II timer - Object reference not set to an instance of an object.', '2014-02-01');
/*!40000 ALTER TABLE `logs` ENABLE KEYS */;


# Dumping structure for table scv.maquinistas
CREATE TABLE IF NOT EXISTS `maquinistas` (
  `matricula` varchar(9) NOT NULL,
  `nome` varchar(50) NOT NULL,
  `status` varchar(10) NOT NULL DEFAULT 'Ativo',
  PRIMARY KEY (`matricula`)
) ENGINE=InnoDB DEFAULT CHARSET=latin1;

# Dumping data for table scv.maquinistas: 0 rows
/*!40000 ALTER TABLE `maquinistas` DISABLE KEYS */;
/*!40000 ALTER TABLE `maquinistas` ENABLE KEYS */;


# Dumping structure for table scv.maquinistas_registros
CREATE TABLE IF NOT EXISTS `maquinistas_registros` (
  `codigo` int(10) unsigned NOT NULL AUTO_INCREMENT,
  `matricula_maquinista` varchar(9) NOT NULL,
  `data_hora_entrada` datetime NOT NULL,
  `data_hora_saida` datetime NOT NULL,
  `destacado` varchar(3) NOT NULL DEFAULT 'NÃO',
  PRIMARY KEY (`codigo`)
) ENGINE=InnoDB DEFAULT CHARSET=latin1;

# Dumping data for table scv.maquinistas_registros: 0 rows
/*!40000 ALTER TABLE `maquinistas_registros` DISABLE KEYS */;
/*!40000 ALTER TABLE `maquinistas_registros` ENABLE KEYS */;


# Dumping structure for table scv.trens
CREATE TABLE IF NOT EXISTS `trens` (
  `linha` int(2) unsigned DEFAULT NULL,
  `trem` varchar(3) NOT NULL,
  `local` int(10) unsigned NOT NULL,
  `observacao` varchar(1000) DEFAULT NULL,
  `mensagem` varchar(1000) DEFAULT NULL,
  PRIMARY KEY (`trem`)
) ENGINE=InnoDB DEFAULT CHARSET=latin1;

# Dumping data for table scv.trens: 58 rows
/*!40000 ALTER TABLE `trens` DISABLE KEYS */;
INSERT INTO `trens` (`linha`, `trem`, `local`, `observacao`, `mensagem`) VALUES (2, 'E01', 1, NULL, NULL), (2, 'E24', 1, NULL, NULL), (2, 'F02', 1, NULL, NULL), (2, 'F10', 1, NULL, NULL), (1, 'G02', 1, '', ''), (1, 'G03', 17, '', ''), (1, 'G04', 6, '', ''), (1, 'G05', 1, NULL, NULL), (1, 'G07', 13, '', ''), (1, 'G08', 13, '', ''), (1, 'G09', 13, '', ''), (1, 'G10', 4, '', ''), (2, 'G14', 1, NULL, NULL), (2, 'G15', 1, NULL, NULL), (2, 'G16', 1, NULL, NULL), (1, 'J10', 4, '', ''), (1, 'J11', 17, '', ''), (1, 'J12', 4, '', ''), (1, 'J13', 1, NULL, NULL), (1, 'J14', 1, NULL, NULL), (1, 'J15', 4, '', ''), (1, 'J16', 4, '1', ''), (1, 'J17', 17, '', ''), (1, 'J18', 13, '', ''), (1, 'J19', 6, '', ''), (1, 'J20', 13, '', ''), (1, 'J22', 17, '', ''), (3, 'L01', 22, '', ''), (3, 'L03', 1, '', ''), (3, 'L04', 22, '', ''), (3, 'L05', 19, '', ''), (3, 'L06', 1, NULL, NULL), (3, 'L11', 18, '', ''), (3, 'L12', 27, '', ''), (3, 'L13', 1, '', ''), (3, 'L15', 25, '', ''), (3, 'L17', 5, '', ''), (3, 'L18', 22, '', ''), (3, 'L20', 1, '', ''), (3, 'L22', 25, '', ''), (3, 'L23', 18, '', ''), (3, 'L25', 1, '', ''), (3, 'L26', 1, '', ''), (3, 'L29', 1, '', ''), (3, 'L30', 1, NULL, NULL), (3, 'L34', 1, '', 'Corretiva  '), (3, 'L35', 25, '', ''), (3, 'L36', 25, '', ''), (3, 'L38', 25, '', ''), (1, 'M03', 1, NULL, NULL), (1, 'M06', 1, '', ''), (1, 'M10', 4, '', ''), (1, 'Q07', 1, '', ''), (1, 'Q24', 13, '', ''), (1, 'Q33', 6, '', ''), (1, 'Q34', 1, '', ''), (1, 'Q38', 1, '', ''), (1, 'Q56', 6, '', '');
/*!40000 ALTER TABLE `trens` ENABLE KEYS */;


# Dumping structure for table scv.versao
CREATE TABLE IF NOT EXISTS `versao` (
  `codigo` int(11) NOT NULL AUTO_INCREMENT,
  `versao` int(10) unsigned DEFAULT '0',
  PRIMARY KEY (`codigo`)
) ENGINE=InnoDB AUTO_INCREMENT=2 DEFAULT CHARSET=latin1;

# Dumping data for table scv.versao: 1 rows
/*!40000 ALTER TABLE `versao` DISABLE KEYS */;
INSERT INTO `versao` (`codigo`, `versao`) VALUES (1, 1);
/*!40000 ALTER TABLE `versao` ENABLE KEYS */;


# Dumping structure for table scv.viras
CREATE TABLE IF NOT EXISTS `viras` (
  `codigo` int(10) unsigned NOT NULL AUTO_INCREMENT,
  `maquinista` varchar(9) NOT NULL,
  `codigo_linha` int(2) unsigned NOT NULL,
  `codigo_local_vira` int(10) unsigned NOT NULL,
  `hora_entrada` datetime NOT NULL,
  `hora_saida` datetime DEFAULT NULL,
  `sequencia` int(10) unsigned NOT NULL DEFAULT '0',
  `proxima_escala` varchar(50) DEFAULT NULL,
  `obs` varchar(1000) DEFAULT NULL,
  `tv` varchar(3) DEFAULT 'NÃO',
  PRIMARY KEY (`codigo`)
) ENGINE=InnoDB DEFAULT CHARSET=latin1;

# Dumping data for table scv.viras: 0 rows
/*!40000 ALTER TABLE `viras` DISABLE KEYS */;
/*!40000 ALTER TABLE `viras` ENABLE KEYS */;
/*!40101 SET SQL_MODE=@OLD_SQL_MODE */;
/*!40014 SET FOREIGN_KEY_CHECKS=@OLD_FOREIGN_KEY_CHECKS */;
/*!40101 SET CHARACTER_SET_CLIENT=@OLD_CHARACTER_SET_CLIENT */;
